NOM,Nom complet,Any central,Període,Tipologia,ESCALA,Municipi,Municipis Escala I,Àmbit Intermunicipal,Comarca,ODS1 - Economia social i solidària,ODS2 - Agricultura i i alimentació,ODS2 - Producte local,ODS3 - Salut,ODS3 - Cures,ODS3 - Economia platejada i gent gran,ODS4 - Educació,ODS4 - Formació (professional i ocupacional),ODS4 - Educació superior i universitats,ODS5 - Igualtat de gènere,ODS6 - Aigua,ODS7 - Energia,ODS8 - Emprenedoria,ODS8 - Retenció i atracció de talent,ODS8 - Creativitat i cultura,ODS8 - Turisme,ODS8 - Comerç i restauració,ODS8 - Esport,ODS9 - Indústria i innovació,ODS9 - Digitalització i telecomunicacions,ODS9 - Grans infraestructures,ODS10 - Serveis socials,ODS10 - Drets,ODS11 - Model urbà,ODS11 - Polígons,ODS11 - Paisatge i patrimoni urbà,ODS11 - Habitatge,"ODS11 - Regeneració urbana, espai públic i equipaments",ODS11 - Mobilitat interna,ODS11 - Manteniment i creixement de la població,ODS12 - Economia circular,ODS12 - Consum responsable,"ODS13 - Gestió de riscos, resiliència climàtica",ODS14 - Vida submarina,ODS15 - Fusta i silvicultura. Productes forestals no fustaners,ODS15 - Serveis ecosistèmics i infraestructura verda i blava (incloent verd urbà),ODS15 - Paisatges naturals,ODS16 - Participació,ODS16 - Identitat,ODS16 - Modernització administració,ODS17 - Dades,"ODS17 - Plans, pactes, acords",Total,ODS1,ODS2,ODS3,ODS4,ODS5,ODS6,ODS7,ODS8,ODS9,ODS10,ODS11,ODS12,ODS13,ODS14,ODS15,ODS16,ODS17
Abrera,La Nova Abrera! Pla Estratègic d'Abrera,2003,1998-2007,Pla estratègic territorial,M,Abrera,,,Baix Llobregat,0,0,1,,1,,5,2,,"4,5",3,1,,,10,"0,5","3,5",1,4,"1,5",3,5,,5,4,"2,25","2,5",7,"7,5","3,5",,,1,,1,"6,25",1,1,7,4,1,2,102,0,1,1,7,"4,5",3,1,15,"8,5",5,"31,75",0,1,0,"8,25",12,3
Abrera,Pla estratègic municipal d'Abrera 2023 - 2027,2022,2018-2023,Pla estratègic territorial,M,Abrera,,,Baix Llobregat,0,4,"1,55","7,8",3,"4,3","6,95",6,"0,2","4,5","9,75",7,1,2,"13,7","3,5","5,25","1,75",2,,1,"6,6","5,5","3,5","1,5",2,3,15,"9,7","1,5","2,5","1,5","7,55","0,5",,"3,3",,7,"5,5","26,5","6,1",4,198,0,"5,55","15,1","13,15","4,5","9,75",7,"27,2",3,"12,1","36,2",4,"7,55","0,5","3,3",39,"10,1"
Alba-Ter POIT,Projecte Alba-Ter. Pla d'ordenació integral del riu Ter,1998,1998-2007,Pla estratègic territorial,I,,"Manlleu, Roda de Ter, Torelló, Sant Quirze de Besora, Sant Vicenç de Torelló, Santa Maria de Corcó, Vic, Vilanova de Sau",Consorci Alba_Ter,,0,"0,5","0,25",,,,,"0,7",,,"3,75",,,,0,1,,,1,,,,,"2,25",,"3,25",,,,,,"0,25","0,45",,,"1,05","1,25","0,25",,"1,8","0,5","0,75",19,0,"0,75",0,"0,7",0,"3,75",0,1,1,0,"5,5","0,25","0,45",0,"2,3","2,05","1,25"
Alt Foix,Pla de desenvolupament de l'Alt Foix,2000,1998-2007,Pla estratègic territorial,I,,"Torrelles de Foix, Sant Martí Sarroca, Pontons, Vilobí del Penedès, Font-rubí, La Llacuna",Alt Foix,"Anoia, Alt Penedès",0,0,"0,5",,,,,"0,5",,,,,1,1,0,"2,8","0,5",,"0,5",,,,,"0,5","0,5","0,75",,,,,,,,,,"2,25",,"0,5","1,5","1,5",1,"1,7",17,0,"0,5",0,"0,5",0,0,0,"5,3","0,5",0,"1,75",0,0,0,"2,25","3,5","2,7"
Alt Penedès I,Pla estratègic de l'Alt Penedès,1994,1988-1997,Pla estratègic territorial,C,,,,Alt Penedès,0,"3,5",2,"5,5",10,2,"5,25","6,7",1,1,"0,5","2,5","0,7","1,8",4,"3,25","4,3","4,5","4,9",,5,"3,6",,"2,2","3,3",3,"0,5","2,5",8,1,"1,5",,,,1,"2,8",,1,,5,"3,2",2,109,0,"5,5","17,5","12,95",1,"0,5","2,5","18,55","9,9","3,6","20,5","1,5",0,0,"3,8",6,"5,2"
Alt Penedès II,II Pla estratègic de l'Alt Penedès,2002,1998-2007,Pla estratègic territorial,C,,,,Alt Penedès,0,"0,75",2,,"5,5",3,,8,,3,,,3,,0,2,"1,5",,13,"1,75",6,2,,3,6,,1,"0,5",6,,1,,,,,,"0,5",,1,,1,"4,5",76,0,"2,75","8,5",8,3,0,0,"6,5","20,75",2,"16,5",1,0,0,"0,5",1,"5,5"
Alt Penedès III,Pla estratègic III - Alt Penedès,2008,2008-2017,Pla estratègic territorial,C,,,,Alt Penedès,"0,2","0,8","0,2","0,3","0,3",,,"0,5","0,5",,,1,"0,3",,"0,7",1,"1,1",,0,"0,3","0,5",,,"0,2","0,4",,,"0,2","0,5",,,,,,,"0,2",1,,"0,4","0,8",,"0,6",12,"0,2",1,"0,6",1,0,0,1,"3,1","0,8",0,"1,3",0,0,0,"1,2","1,2","0,6"
AMB (DREAM),Reflexió estratègica metropolitana per a un territori resilient. Col·lecció DREAM,2018,2018-2023,Pla estratègic territorial,I,,"Badia del Vallès, Montgat, Gavà Sant Climent de Llobregat Santa Coloma de Cervelló Sant Andreu de la Barca Sant Joan Despí Montcada i Reixac Castellbisbal Esplugues de Llobregat Cervelló Sant Adrià de Besòs Sant Feliu de Llobregat Pallejà El Papiol Torrelles de Llobregat Corbera de Llobregat Barberà del Vallès Viladecans Barcelona Sant Vicenç dels Horts Sant Cugat del Vallès Badalona Sant Just Desvern Santa Coloma de Gramenet Sant Boi de Llobregat El Prat de Llobregat Molins de Rei Cerdanyola del Vallès Ripollet La Palma de Cervelló Tiana Castelldefels Cornellà de Llobregat Begues L'Hospitalet de Llobregat",Àrea Metropolitana de Barcelona,"Barcelonès, Baix Llobregat, Maresme, Vallès Occidental",1,0,0,,,,,,,,,,,,0,,,,0,,,,,,1,,,1,,,,,1,,,,1,2,1,1,2,1,12,1,0,0,0,0,0,0,0,0,0,2,0,1,0,1,4,3
AMB (REM),Reflexió estratègica metropolitana. Construint la Barcelona metropolitana enfortint el món local,2015,2008-2017,Pla estratègic territorial,I,,"Badia del Vallès, Montgat, Gavà Sant Climent de Llobregat Santa Coloma de Cervelló Sant Andreu de la Barca Sant Joan Despí Montcada i Reixac Castellbisbal Esplugues de Llobregat Cervelló Sant Adrià de Besòs Sant Feliu de Llobregat Pallejà El Papiol Torrelles de Llobregat Corbera de Llobregat Barberà del Vallès Viladecans Barcelona Sant Vicenç dels Horts Sant Cugat del Vallès Badalona Sant Just Desvern Santa Coloma de Gramenet Sant Boi de Llobregat El Prat de Llobregat Molins de Rei Cerdanyola del Vallès Ripollet La Palma de Cervelló Tiana Castelldefels Cornellà de Llobregat Begues L'Hospitalet de Llobregat",Àrea Metropolitana de Barcelona,"Barcelonès, Baix Llobregat, Maresme, Vallès Occidental",0,"1,4","0,4",,,,,"0,9","1,65","0,25","3,2","5,75","1,75","1,35",0,"1,75","2,5",,"9,25","5,25",10,"0,8",,"11,2",2,"1,4","6,6","12,6","14,25",,"2,25","1,25","6,7",,,1,"5,15",3,,"8,95","4,25","23,2",150,0,"1,8",0,"2,55","0,25","3,2","5,75","7,35","24,5","0,8","48,05","3,5","6,7",0,"6,15","11,95","27,45"
Anoia,Pla Anoia. L'estratègia ets tu.,2008,2008-2017,Pla estratègic territorial,C,,,,Anoia,0,0,0,1,,,,,1,,,"0,5",,,"0,75","1,25","0,25","0,75","0,5","1,25",,,,,,,,,,,,,,,"0,5","0,25",,,,"0,5",,"0,5",9,0,0,1,1,0,0,"0,5",3,"1,75",0,0,0,0,0,"0,75","0,5","0,5"
Anoia,Pla estratègic de desenvolupament socioeconòmic Anoia 2025,2018,2018-2023,Pla estratègic territorial,C,,,,Anoia,0,"0,5",0,,,,,,,,,,,"0,5","0,25","0,5","0,25",,"1,5",1,,"0,5",,1,,,,,"0,5",,,,,,,"0,5",,,,,,1,8,0,"0,5",0,0,0,0,0,"1,5","2,5","0,5","1,5",0,0,0,"0,5",0,1
Arenys de Munt,Reflexió estratègia d'Arenys de Munt,2000,1998-2007,Pla estratègic territorial,M,Arenys de Munt,,,Maresme,0,0,1,,,,1,1,1,,"0,5",,,,0,,1,"3,2",1,1,1,,,"1,4","0,8","0,5",,"3,6",1,,,,,,,1,2,,,4,,,26,0,1,0,3,0,"0,5",0,"4,2",3,0,"7,3",0,0,0,3,4,0
Argentona,Pla estratègic d'Argentona,2004,1998-2007,Pla estratègic territorial,M,Argentona,,,Maresme,"0,5","1,25","0,25",,,1,1,2,,,,,,,1,"1,75",,"0,25",0,1,"1,75",,,"2,5",1,"1,5",1,"3,5","0,25",1,,,,,,"0,75","0,75",1,2,,,,27,"0,5","1,5",1,3,0,0,0,3,"2,75",0,"10,75",0,0,0,"1,5",3,0
Bages - Entorn rural,Diagnosi de l'entorn rural de la comarca del Bages i propostes de línies d'actuació,2019,2018-2023,Pla estratègic territorial,C,,,,Bages,"0,8",1,0,,"0,4","1,3",,,,,,"2,5",2,,1,"0,7",1,,2,1,,,,,1,1,"2,4","1,3",1,"1,3",,,,,1,1,,"0,5",1,"1,5","1,5","1,8",30,"0,8",1,"1,7",0,0,0,"2,5","4,7",3,0,8,0,0,0,2,3,"3,3"
Bages i Manresa (pla d'actuacions),Estratègia conjunta de pla d'acció per al desenvolupament econòmic del territori,2018,2018-2023,Pla estratègic territorial,C,,,,Bages,0,0,0,,,,,3,"5,5",,"0,25","0,25","2,5","3,5",0,,,,"10,5","1,25",,2,,2,"6,55",,,,2,,3,,,,,,,,"1,5",3,"1,7","2,5",51,0,0,0,"8,5",0,"0,25","0,25",6,"11,75",2,"10,55",3,0,0,0,"4,5","4,2"
Bages sud,Pla Estratègic del Bages sud 2007-2015,2007,1998-2007,Pla estratègic territorial,I,,"Sant Vicenç de Castellet, Castellbell i el Vilar, Monistrol de Montserrat, Castellgalí, El Pont de Vilomara i Rocafort, Marganell",Bages sud,Bages,0,0,0,,,,,"0,3","0,15",,,"1,5","0,8","0,5","0,5","1,85","0,2","0,25","0,75",,1,,,,"0,25","0,75",,,1,,1,,"0,25",,,2,,"0,3","1,7","0,25","0,3","0,4",16,0,0,0,"0,45",0,0,"1,5","4,1","1,75",0,2,1,"0,25",0,2,"2,25","0,7"
Baix Llobregat,"Estratègia territorial del Baix Llobregat per al desenvolupament econòmic, inclusiu i sostenible",2018,2018-2023,Pla estratègic territorial,C,,,,Baix Llobregat,1,"1,35",0,"0,5","0,5",,,1,,,,"0,2",1,1,1,"0,8",1,,"4,95","0,75","0,75",1,,,"0,75",,"0,2",,"0,25",,"0,4",,,,"0,1","0,15","0,15",,,,"0,2",1,20,1,"1,35",1,1,0,0,"0,2","4,8","6,45",1,"1,2","0,4",0,0,"0,4",0,"1,2"
Baix Llobregat I,Pla estratègic del Baix Llobregat,1996,1988-1997,Pla estratègic territorial,C,,,,Baix Llobregat,1,6,2,2,,1,2,"5,5","1,5",,2,,3,3,4,6,8,,"6,15",5,15,1,,"4,8","1,5","0,5",1,"6,5","7,5",,3,"1,3","3,5",1,5,"1,5",8,,,"5,25","2,5",8,135,1,8,3,9,0,2,0,24,"26,15",1,"21,8","4,3","3,5",1,"14,5","5,25","10,5"
Barberà del Vallès,Pla de desenvolupament econòmic 2021 - 2023,2021,2018-2023,Pla estratègic territorial,M,Barberà del Vallès,,,Vallès Occidental,"2,5",0,"0,25",,,,1,"5,7",,1,,"2,75","4,25","0,5","0,25","2,25","5,25",,"1,75",5,,"2,5",,"0,5","2,25",,,,1,"0,8",,"0,25",,,,,,"0,5","1,25","11,25","2,25",2,57,"2,5","0,25",0,"6,7",1,0,"2,75","12,5","6,75","2,5","4,55","0,25",0,0,0,13,"4,25"
Barcelona Litoral,Pla estratègic dels espais litorals de la ciutat,2018,2018-2023,Pla estratègic territorial,B,Barcelona,,,Barcelonès,1,0,0,,,,,,"1,5",,,,1,,1,2,,1,"1,5",,"1,25",,,4,,"6,25","0,5",7,4,,,1,5,1,,"3,5","1,5",1,1,1,1,3,51,1,0,0,"1,5",0,0,0,5,"2,75",0,"21,75",1,5,1,5,3,4
Barcelona PES I,Pla estratègic econòmic i social Barcelona 2000,1988,1988-1997,Pla estratègic territorial,M,Barcelona,,,Barcelonès,0,0,0,"0,25","0,5","0,5","0,7","1,7","2,2",,"2,5",,1,2,4,1,"1,25",,"4,6","4,8","7,2","1,8",,"2,95","0,8",,1,"3,45","4,85",,"1,5",,"1,5","0,5",,"1,25",,,,"2,75",,"2,45",59,0,0,"1,25","4,6",0,"2,5",0,"9,25","16,6","1,8","13,05","1,5","1,5","0,5","1,25","2,75","2,45"
Barcelona PES II,II Pla estratègic i social Barcelona 2000,1994,1988-1997,Pla estratègic territorial,M,Barcelona,,,Barcelonès,"0,5",0,0,"2,05",1,"2,3","0,5","2,5","5,95",,,,1,"4,45","4,1","2,5","2,95","0,25","3,15","2,6","8,7","1,9",,"0,4",,,"1,2","1,2","0,9",,,,,,,1,,"1,5","2,7","3,1",2,"4,6",65,"0,5",0,"5,35","8,95",0,0,0,"15,25","14,45","1,9","3,7",0,0,0,1,"7,3","6,6"
Barcelona PES III,III Pla Econòmic i Social de Barcelona (en la perspectiva 1999 - 2005),1999,1998-2007,Pla estratègic territorial,M,Barcelona,,,Barcelonès,0,0,0,"1,2",3,"3,3","2,5","1,4","1,8",1,"0,1","0,1","3,6","3,5","1,4","5,9",2,,"4,6",2,"7,4",1,,"2,7",,1,"2,1","2,4","2,2","0,2","0,1",,"0,1","0,1",,"0,1",,5,"0,5","4,45","1,95","7,3",76,0,0,"7,5","5,7",1,"0,1","0,1","16,4",14,1,"10,6","0,1","0,1","0,1","0,1","9,95","9,25"
Barcelona-Eix Besòs,Estratègia de desenvolupament urbà sostenible i integrat,2014,2008-2017,Pla estratègic territorial,B,Barcelona,,,Barcelonès,0,0,0,,,,"0,5","0,5",,,"0,25",,,,0,"0,1","0,15",,0,"1,25",,"2,25",,,"0,5",,1,"0,75",2,,,,,,,"0,5",,"0,25","0,75","0,25",,3,14,0,0,0,1,0,"0,25",0,"0,25","1,25","2,25","4,25",0,0,0,"0,5","1,25",3
Barcelonès Nord,"Fòrum dels municipi de Badalona, Santa Coloma de Gramenet, Sant Adrià de Besòs, Montgat i Tiana",2002,1998-2007,Pla estratègic territorial,I,,"Santa Coloma de Gramenet, Badalona i Sant Adrià de Besòs",Barcelonès Nord,"Barcelonès, Maresme",0,0,0,,,,2,,1,,,,,1,1,,,1,0,,3,1,,1,,,,1,"1,25",,"0,25",,"1,25",,,,1,,1,1,,"2,25",20,0,0,0,3,0,0,0,3,3,1,"3,25","0,25","1,25",0,1,2,"2,25"
Berga (Barri Vell),Planificació estratègica integral del Barri Vell i altres àrees urbanes del municipi,2021,2018-2023,Pla estratègic territorial,M,Berga,,,Berguedà,1,0,1,,1,1,,,,,,2,,,4,"4,45","3,25",1,0,"0,5",,1,,,1,"3,65","5,5",4,7,1,,,1,,1,"8,4",,"0,5",2,"1,25",,"0,5",57,1,1,2,0,0,0,2,"12,7","0,5",1,"22,15",0,1,0,"9,4","3,75","0,5"
Berguedà I,Pla Estratègic del Berguedà. Construïm futur,1995,1988-1997,Pla estratègic territorial,C,,,,Berguedà,0,0,0,,,,,"2,5","0,5",,,,,1,"0,5",,"0,5","0,5",1,1,1,"0,5",,,,,,,2,,,,,,,,1,,1,1,,,14,0,0,0,3,0,0,0,"2,5",3,"0,5",2,0,0,0,1,2,0
Berguedà II,Estratègia Berguedana 2010 - 2015,2012,2008-2017,Pla estratègic territorial,C,,,,Berguedà,"0,5","0,5",0,"0,25",,,"0,25",1,"0,25",,,"1,25","0,5","1,5",0,2,,,"3,5",,,,,"0,25","0,25",,,,,,,,,,,,,,,"1,5","0,5",,14,"0,5","0,5","0,25","1,5",0,0,"1,25",4,"3,5",0,"0,5",0,0,0,0,"1,5","0,5"
Berguedà III,Estratègia Berguedana 2015 - 2020,2019,2018-2023,Pla estratègic territorial,C,,,,Berguedà,0,"1,5","0,5",,,,"1,5",3,,,,,3,2,"3,6",3,"1,5","1,25","3,25","0,5",,,,,"0,75","1,5",1,,,,1,"0,5",,,1,"0,5","0,25",,"2,4","3,75","1,25","2,5",41,0,2,0,"4,5",0,0,0,"14,35","3,75",0,"3,25","1,5",0,0,"1,75","6,15","3,75"
Berguedà IV,Estratègia Berguedana Horitzó 2030,2021,2018-2023,Pla estratègic territorial,C,,,,Berguedà,"0,35",1,"0,9","0,45","2,35",1,,"1,4","1,5",1,,"1,5",1,2,"0,1","0,7",1,"0,2",5,"1,6",,1,,,"0,7","0,5","2,25",1,1,3,"1,7",,,,"3,2","1,8","0,5","3,5","0,5","0,3",,1,45,"0,35","1,9","3,8","2,9",1,0,"1,5",5,"6,6",1,"8,45","1,7",0,0,"5,5","4,3",1
Besòs,Agenda Besòs,2017,2008-2017,Pla estratègic territorial,I,,"Barcelona, Badalona, Santa Coloma de Gramenet, Sant Adrià del Besòs, Montcada i Reixac",Besòs,"Barcelonès, Vallès Occidental",2,1,0,,,,,"2,5",,,"1,5","0,5",,,"3,1",,1,,"1,5",,"2,5","3,35",,"0,5","1,8","1,5","3,35",5,6,"0,5","1,5",,1,"0,2",,"2,3",,1,"0,9","2,45","0,25","2,8",50,2,1,0,"2,5",0,"1,5","0,5","4,1",4,"3,35","18,65","1,5",1,"0,2","2,3","4,35","3,05"
Bruc,El Bruc que tots volem,2013,2008-2017,Pla estratègic territorial,M,"Bruc, el",,,Anoia,"1,5","3,45","4,8",,,,"0,5","0,5","0,5",,,,"0,2",,"0,75","1,45","2,95",,"0,45",,,"0,5",,,,"0,45",,"2,5",1,"0,3",,,"2,75",,"3,5","3,25","2,3",,"0,4","2,5",,"2,5",39,"1,5","8,25",0,"1,5",0,0,0,"5,35","0,45","0,5","4,25",0,"2,75",0,"9,05","2,9","2,5"
C17,Corredor C17. Eix Territorial de desenvolupament econòmic,2013,2008-2017,Pla estratègic territorial,I,,"Canovelles, Granollers, La Garriga, Les Franqueses, Lliçà d'Amunt, Lliçà de Vall, Manlleu, Mollet del Vallès, Montmeló, Olot, Parets del Vallès, Puigcerdà, Ripoll, Torelló i Vic",Àmbit C17,"Vallès Oriental, Vallès Occidental, Osona, Ripollès, la Garrotxa, la Cerdanya",0,1,0,,,,,"0,5","0,5",,,1,,,0,,,,0,,3,,,2,"1,5",,,"0,5",,,,,,,,,,,1,"0,5","0,5",,12,0,1,0,1,0,0,1,0,3,0,4,0,0,0,0,"1,5","0,5"
Cabrils,Pla estratègic de Cabrils,2001,1998-2007,Pla estratègic territorial,M,Cabrils,,,Maresme,0,0,"0,5",1,,,1,,,,,,,,1,,"0,5",1,0,,,,,1,,"0,5",,"1,5",1,,,,1,,,1,,,1,2,,,14,0,"0,5",1,1,0,0,0,"2,5",0,0,4,0,1,0,1,3,0
Cadí-Moixeró,Projecte Betula. Promoció integral dels pobles del Cadí i El Moixeró,2018,2018-2023,Pla estratègic territorial,I,,"Saldes, Guardiola de Berguedà, Bagà, Gòsol, Gisclareny, Castellar de N'Hug, Bagà, Vallcebre, Alàs i Cercs",Cadí-Moixeró,"Berguedà, Cerdanya, Alt Urgell","11,5","15,35","5,75",,,1,1,"2,5",1,,,5,1,,"3,1","8,35","4,75","14,5",8,3,,,,1,2,"6,5",4,2,7,"1,5",,,8,,12,13,"18,25","5,7",11,"3,5","3,25","4,5",189,"11,5","21,1",1,"4,5",0,0,5,"31,7",11,0,24,0,8,0,"43,25","20,2","7,75"
Caldes de Montbui,Pla Estratègic de Caldes de Montbui. Horitzó 2025,2014,2008-2017,Pla estratègic territorial,M,Caldes de Montbui,,,Vallès Oriental,0,"2,4","2,75",1,"0,9","2,5","2,5","4,6","0,5",,,"1,2","3,5",,"3,9","2,8","1,05",,4,1,2,"3,5",,"0,5",1,1,"4,9","4,75","4,25","4,4",,1,,,1,2,"1,6",4,5,"5,5",,3,84,0,"5,15","4,4","7,6",0,0,"1,2","11,25",7,"3,5","20,8",1,0,0,"4,6","14,5",3
Caldes d'Estrac,Pla Estratègic de Caldes d'Estrac,1992,1988-1997,Pla estratègic territorial,M,Caldes d'Estrac,,,Maresme,0,0,0,"0,5","0,25",,,,,,,,,,"1,5","5,25","3,25","2,75",0,,1,,,"0,75",,"1,75",1,2,"0,25",,,,"0,5",,,,1,,3,"0,5",,"0,75",26,0,0,"0,75",0,0,0,0,"12,75",1,0,"5,75",0,"0,5",0,1,"3,5","0,75"
Calella,Pla Estratègic Integral de la ciutat de Calella,2015,2008-2017,Pla estratègic territorial,M,Calella,,,Maresme,0,0,0,,,,,"0,5",,,,,1,,0,1,"1,5",,0,"0,25",,"0,5",,1,,,,"0,75",,,,,,,,,,1,"0,5","1,5",1,"0,5",11,0,0,0,"0,5",0,0,0,"3,5","0,25","0,5","1,75",0,0,0,0,3,"1,5"
Callús,Callús Poble Digital,1999,1998-2007,Pla estratègic territorial,M,Callús,,,Bages,0,0,0,"2,2","1,2",1,"1,8",5,,,1,1,,,"5,8",,2,1,"4,25",7,,2,,2,"0,25",1,,"1,5",,,1,1,4,,,"1,5",2,1,3,5,"3,5",2,64,0,0,"4,4","6,8",0,1,1,"8,8","11,25",2,"4,75",2,4,0,"3,5",9,"5,5"
Canet de Mar,Pla de futur de Canet de Mar,2002,1998-2007,Pla estratègic territorial,M,Canet de Mar,,,Maresme,0,0,0,,,,3,,2,1,1,,,,"1,5",4,3,"1,5",1,,,1,,4,"2,5",3,,3,2,1,,,,1,,,,,5,4,,"1,5",46,0,0,0,5,1,1,0,10,1,1,"15,5",0,0,1,0,9,"1,5"
Cardedeu,Orientacions estratègiques per al desenvolupament sostenible de Cardedeu,2010,2008-2017,Pla estratègic territorial,M,Cardedeu,,,Vallès Oriental,0,0,"1,25",,1,"1,5",,,,,"0,5","0,5","0,85","0,7",2,"1,9","1,25",1,"2,9","0,3",1,1,,"1,2","1,1","0,75",,"3,7",1,"0,5",,,1,,,"1,15",,,"3,95","2,5",,"2,5",37,0,"1,25","2,5",0,0,"0,5","0,5","7,7","4,2",1,"8,25",0,1,0,"1,15","6,45","2,5"
Cardona,Pla Estratègic de la Vila de Cardona,2013,2008-2017,Pla estratègic territorial,M,Cardona,,,Bages,0,"0,5","0,5",,,,1,"1,5",,,,,1,2,1,"3,1","3,5",,"4,5",,,,,,2,"1,5","1,5","0,9","1,5",1,"0,4",,,,1,1,"0,6",,"2,2","1,3","0,5",4,38,0,1,0,"2,5",0,0,0,"10,6","4,5",0,"8,4","0,4",0,0,"2,6","3,5","4,5"
Castellar del Vallès,Pla Estratègic de Castellar del Vallès,1999,1998-2007,Pla estratègic territorial,M,Castellar del Vallès,,,Vallès Occidental,0,1,0,,2,1,3,6,,1,"0,5",2,,,"7,5","0,5","7,5",3,3,1,"4,5",2,,3,"1,5",1,,"11,75","11,5",4,"0,5",,"1,25",,1,"6,5","3,5","5,5",5,"10,5",3,,115,0,1,3,9,1,"0,5",2,"18,5","8,5",2,"32,75","0,5","1,25",0,11,21,3
Castellar del Vallès,Pla Estratègic Castellar 20/20,2017,2008-2017,Pla estratègic territorial,M,Castellar del Vallès,,,Vallès Occidental,1,2,"0,5","4,5","2,5","2,5","2,5",4,,2,,"3,5","3,5",1,"5,5","0,5","3,5","2,5",6,"1,5",2,"4,5",3,1,"2,5","2,5","6,5","7,5","8,5","8,5",3,,,,2,7,,2,6,"4,5",,2,122,1,"2,5","9,5","6,5",2,0,"3,5","16,5","9,5","7,5",37,3,0,0,9,"12,5",2
Castellet i la Gornal,Planejament estratègic del municipi del Castellet i La Gornal,2002,1998-2007,Pla estratègic territorial,M,Castellet i la Gornal,,,Alt Penedès,0,"1,25",2,,,"0,5",,"0,75",,,,,1,,1,1,,,0,,,2,,"3,5",1,,,,2,1,,,"0,5",,,,,,"0,5",,1,1,20,0,"3,25","0,5","0,75",0,0,0,3,0,2,"7,5",0,"0,5",0,0,"0,5",2
Castellterçol,Estudi d'estratègies i programes de desenvolupament de Castellterçol 2000,1988,1988-1997,Pla estratègic territorial,M,Castellterçol,,,Moianès,0,2,"4,75",,,"0,25",1,"2,5",,,0,,"3,5",,"0,75","2,75",1,"0,5",0,,1,,,"2,5","0,5",2,3,1,,,,0,,,"0,5","2,5",,,1,1,,,34,0,"6,75","0,25","3,5",0,0,0,"8,5",1,0,9,0,0,0,3,2,0
Cercs,Pla estratègic integral de la Vila de Cercs,2011,2008-2017,Pla estratègic territorial,M,Cercs,,,Berguedà,0,0,0,"4,7",3,"4,1",1,1,1,,,1,"1,8",1,"6,5","5,75","4,2","1,95",5,"0,5",1,2,,,2,3,,"1,5",,3,,,2,,,"3,5","2,5","2,5",2,6,"0,5",1,75,0,0,"11,8",3,0,0,1,"21,2","6,5",2,"9,5",0,2,0,6,"10,5","1,5"
Cerdanyola del Vallès I,Orientacions estratègiques per al desenvolupament econòmic i social de Cerdanyola del Vallès,2009,2008-2017,Pla estratègic territorial,M,Cerdanyola del Vallès,,,Vallès Occidental,0,0,0,,,,,,4,"2,6",,,,,5,3,3,,9,2,,,,"1,2",,1,2,"2,2",1,2,,1,2,,,1,1,,"3,5","4,5",,5,56,0,0,0,4,"2,6",0,0,11,11,0,"9,4",1,2,0,2,8,5
Cerdanyola del Vallès III,Pla Estratègic Cerdanyola del Vallès 2030,2021,2018-2023,Pla estratègic territorial,M,Cerdanyola del Vallès,,,Vallès Occidental,0,"0,5",0,1,,1,"2,25","1,3",1,"1,25",,2,"0,25","1,25","1,75","0,5","2,5",1,"1,5","0,5",,3,,1,"1,5",2,2,"2,5","1,5",1,1,,"2,75",,,"3,5",,"1,5",,"6,5",,"3,7",53,0,"0,5",2,"4,55","1,25",0,2,"7,25",2,3,"11,5",1,"2,75",0,"3,5",8,"3,7"
Collbató,Pla Estratègic de desenvolupament sostenible de Collbató,2005,1998-2007,Pla estratègic territorial,M,Collbató,,,Baix Llobregat,0,0,0,,,"0,2","0,2",,,,,,"0,7",1,"0,4","0,2","0,7","0,4",0,,,,,1,,,"0,8","0,5",,"0,2",,,,,,"0,2",,,"0,2",,"0,3",,7,0,0,"0,2","0,2",0,0,0,"3,4",0,0,"2,5",0,0,0,"0,2","0,2","0,3"
Collsacabra,Pla estratègic Collsacabra Futur,2021,2018-2023,Pla estratègic territorial,I,,"l’Esquirol, Tavertet i Rupit i Pruit",Collsacabra,Osona,"1,25",2,1,,,"0,25",,,,,1,"4,5",1,1,4,1,,,0,,,,,,,"0,25",2,"0,5",3,"1,25",,,1,,2,1,1,,2,1,,,32,"1,25",3,"0,25",0,0,1,"4,5",7,0,0,7,0,1,0,4,3,0
Corbera de Llobregat,Pla Estratègic de Corbera de Llobregat,2005,1998-2007,Pla estratègic territorial,M,Corbera de Llobregat,,,Baix Llobregat,0,1,0,3,"0,5","2,25",3,4,,,"3,5",2,"3,5",,"9,5","5,5",6,"1,5",0,2,5,"3,75",,"6,25","0,75",3,"2,25","7,75","12,5",3,,,1,,"1,75",7,1,,9,1,,"1,75",114,0,1,"5,75",7,0,"3,5",2,26,7,"3,75","35,5",0,1,0,"9,75",10,"1,75"
Delta del Llobregat,Estratègia Delta del Llobregat,2018,2018-2023,Pla estratègic territorial,I,,"Barcelona, Hospitalet del Llobregat, Prat del Llobregat",Delta del Llobregat,"Barcelonès, Baix Llobregat",0,1,0,,,,,,,,2,"1,5",,,0,,"0,25",,"1,5",,"4,75",,,"2,5",1,,"0,5","2,25",3,,,,"0,5","0,5",,"1,5","2,25",1,,,1,3,30,0,1,0,0,0,2,"1,5","0,25","6,25",0,"9,25",0,"0,5","0,5","3,75",1,4
Dosrius,Pla Estratègic de promoció econòmica 2007 - 2016,2005,1998-2007,Pla estratègic territorial,M,Dosrius,,,Maresme,0,"0,5","0,5",,,,,,,,"0,5",,1,"0,5",0,"0,25",1,"0,25",0,"1,5",,"0,5",,"1,75","0,5",,"0,5",,"1,75",,,"0,5",,,,"0,5","2,5",,,"0,5",,,15,0,1,0,0,0,"0,5",0,3,"1,5","0,5","4,5","0,5",0,0,3,"0,5",0
Esparreguera,Pla Estratègic integral d'Esparreguera,2002,1998-2007,Pla estratègic territorial,M,Esparreguera,,,Baix Llobregat,0,0,0,"0,1",1,,"0,1","2,1",,,3,1,,"0,5",2,"0,25",1,,"4,5",,1,,,1,"2,5","0,15",2,"1,5",3,1,3,1,1,,,"2,1",1,"1,25","1,25","0,3",,"1,4",40,0,0,"1,1","2,2",0,3,1,"3,75","5,5",0,"11,15",4,1,0,"3,1","2,8","1,4"
Esplugues de Llobregat,Pla Estratègic d'Esplugues de Llobregat,1994,1988-1997,Pla estratègic territorial,M,Esplugues de Llobregat,,,Baix Llobregat,0,0,0,"0,25","0,25",,1,1,,,,,,1,"1,5",,1,"0,5",0,,1,"0,5",,1,,"0,5",1,1,"2,5",,1,1,,,,,,,,,,1,17,0,0,"0,5",2,0,0,0,4,1,"0,5",6,2,0,0,0,0,1
Esplugues de Llobregat,Pla Estratègic Esplugues 2025,2018,2018-2023,Pla estratègic territorial,M,Esplugues de Llobregat,,,Baix Llobregat,0,0,0,,2,2,3,,,3,,1,,1,1,1,1,"2,5",2,1,,3,1,2,,1,2,"4,5",1,2,2,,3,,,1,,1,5,4,,,53,0,0,4,3,3,0,1,"6,5",3,4,"12,5",2,3,0,1,10,0
Fonollosa,Pla Estratègic de Fonollosa,2006,1998-2007,Pla estratègic territorial,M,Fonollosa,,,Bages,0,0,0,,,,,,,,,,,"0,25","0,5","0,25","0,25",,0,,,,,1,,,"0,3","0,4",,"0,55",,,,,,,,"0,5",,,,,4,0,0,0,0,0,0,0,"1,25",0,0,"2,25",0,0,0,0,"0,5",0
Gallecs,Projecte estratègic espai rural de Gallecs 2015,2006,1998-2007,Pla estratègic territorial,I,,"Mollet del Vallès, Parets del Vallès",Gallecs,Vallès Oriental,0,"6,5","0,5",,,,,,,1,"1,5","0,25",1,,3,3,"0,5",,"1,5","0,25",,,,"0,75",,,"1,5",,,1,,,1,,,"4,25","2,5",,2,"5,5","2,5",2,42,0,7,0,0,1,"1,5","0,25","7,5","1,75",0,"3,25",0,1,0,"6,75","7,5","4,5"
Garraf I (Consell Comarcal),Pla estratègic del Garraf I,1991,1988-1997,Pla estratègic territorial,C,,,,Garraf,0,0,0,,,,,,,,,,,,1,,,,1,,"0,5",,,1,,,,"0,5",,,,,,,,,,,,,,1,5,0,0,0,0,0,0,0,1,"1,5",0,"1,5",0,0,0,0,0,1
Garraf III (CPSV),Estratègies per al Garraf 2003 - 2011,2003,1998-2007,Pla estratègic territorial,C,,,,Garraf,0,0,0,,,"1,5",,,,,,,,,"0,5",,"0,5",,0,,3,,,5,"2,5",,1,,"1,5",,,,,,,,1,,1,"1,5",,2,21,0,0,"1,5",0,0,0,0,1,3,0,10,0,0,0,1,"2,5",2
Garraf V (Model desenv),Model de Desenvolupament Econòmic de la Comarca del Garraf,2009,2008-2017,Pla estratègic territorial,C,,,,Garraf,0,0,0,,,,,,,,"0,25","0,25",,,"1,25",1,,,"0,25","0,25",,,,,,,,,"0,25",,,"0,25",,,,,"0,25",,,,,,4,0,0,0,0,0,"0,25","0,25","2,25","0,5",0,"0,25","0,25",0,0,"0,25",0,0
Garraf VI (socioeconòmic enfoc territorial),Pla de desenvolupament econòmic i social del Garraf. Enfoc territorial.,2012,2008-2017,Pla estratègic territorial,C,,,,Garraf,0,2,"0,1","0,1",,,,"0,5","0,5",,,,1,"0,5","0,7","0,1",1,,"6,5",1,2,,,"4,3",1,,"1,7","2,6",3,,1,1,,,,1,1,1,1,"0,4",,4,39,0,"2,1","0,1",1,0,0,0,"3,3","9,5",0,"12,6",2,0,0,2,"2,4",4
Garraf VII (activitat econòmica),Pla Estratègic d'activitat econòmica del Garraf,2021,2018-2023,Pla estratègic territorial,C,,,,Garraf,"0,5","12,45","6,5","1,75","6,45","7,35","5,8","15,7","7,6",,,"4,35","1,2","3,3","20,5","12,75","12,9","5,25","33,7","3,7","1,5","0,5",,,"5,2",1,"9,7","2,65","1,9","1,5","1,5",3,"1,5","4,35",,"6,5",,,"3,5","13,5","9,25","7,2",236,"0,5","18,95","15,55","29,1",0,0,"4,35","55,9","38,9","0,5","21,95","4,5","1,5","4,35","6,5",17,"16,45"
Granollers I,Pla Estratègic del Granollers. La vila oberta cap el futur,1996,1988-1997,Pla estratègic territorial,M,Granollers,,,Vallès Oriental,0,0,0,6,"0,5",1,11,7,"7,25",2,,,3,"0,25","22,5","1,75","3,75","12,5","4,25",3,"10,5",6,,"10,5",5,8,"3,75","12,25","12,75",,1,,1,,,"6,25","1,5",4,"6,5",7,"3,25",7,192,0,0,"7,5","25,25",2,0,0,"43,75","17,75",6,"52,25",1,1,0,"7,75","17,5","10,25"
Granollers II,II Pla Estratègic del Granollers. La ciutat que volem,2008,2008-2017,Pla estratègic territorial,M,Granollers,,,Vallès Oriental,0,"0,75","0,25",2,"3,5","0,5","1,5","2,25",1,"0,25","0,25","0,5",,,"4,5",1,1,4,"4,25",1,"1,5","2,25",,,1,1,1,4,2,,"0,25",,1,,,1,,1,"1,5",,,2,48,0,1,6,"4,75","0,25","0,25","0,5","10,5","6,75","2,25",9,"0,25",1,0,1,"2,5",2
Granollers III,Pla Estratègic de Granollers 2030,2021,2018-2023,Pla estratègic territorial,M,Granollers,,,Vallès Oriental,0,0,"0,5",,"3,75",,,"0,5",,,,"1,5",,,1,,,,"0,25",,,1,,,1,,"1,5",,,,1,,1,,,1,,,,1,,,15,0,"0,5","3,75","0,5",0,0,"1,5",1,"0,25",1,"2,5",1,1,0,1,1,0
"Hospitalet de Llobregat, L","L'H on, el futur per endavant",2013,2008-2017,Pla estratègic territorial,M,"Hospitalet de Llobregat, l'",,,Barcelonès,1,0,0,,,,"1,5","1,5",,1,,,,1,9,,"1,25",,1,"0,5",1,,,"0,5",,"1,75",,"2,5",,,,,"0,5",,,1,,1,2,,,2,30,1,0,0,3,1,0,0,"11,25","2,5",0,"4,75",0,"0,5",0,1,3,2
Igualada i Conca d'Òdena,Pla estratègic d'Igualada i la Conca d'Òdena,1994,1988-1997,Pla estratègic territorial,I,,"Òdena, Vilanova del Camí, Santa Margarida de Montbui, Igualada",Igualada i Conca d'Òdena,Anoia,0,0,0,,,,1,4,1,2,1,,,,4,,,1,"2,5","1,25",3,"0,5",,"0,5","0,25",1,2,"2,5","0,5",,"0,5",,1,,,"1,5","1,5",,"1,5",,"0,5",2,"36,5",0,0,0,6,2,1,0,5,"6,75","0,5","6,75","0,5",1,0,3,"1,5","2,5"
Litoral RMB,Pla Estratègic Litoral de la Regió Metropolitana de Barcelona,2003,1998-2007,Pla estratègic territorial,I,,"Arenys de Mar, Badalona, Barcelona, Cabrera de Mar, Caldes d'Estrac, Calella, Canet de Mar, Castelldefels, Cubelles, Gavà, Malgrat de Mar, el Masnou, Mataró, Montgat, Pineda de Mar, el Prat de Llobregat, Premià de Mar, Sant Adrià de Besòs, Sant Andreu de Llavaneres, Sant Pere de Ribes, Sant Pol de Mar, Sant Vicenç de Montalt, Santa Susanna, Sitges, Viladecans, Vilanova i la Geltrú, Vilassar de Mar",Litoral RMB,"Maresme, Barcelona, Baix Llobregat i Garraf",0,1,0,,,,,1,,,1,,,1,1,4,,,0,,"6,5","1,5",,2,1,"2,5",,"2,5","1,5",,,,"1,5","1,5",,2,1,,"0,5",,,"0,5","33,5",0,1,0,1,0,1,0,6,"6,5","1,5","9,5",0,"1,5","1,5",3,"0,5","0,5"
Llagosta,Planificació estratègica per a la Llagosta del futur,2009,2008-2017,Pla estratègic territorial,M,"Llagosta, la",,,Vallès Oriental,0,0,0,,1,,2,2,1,,,1,,,2,1,"3,8",2,"0,8",2,3,1,,"2,5",2,2,"1,5",4,5,3,,,,,,"1,5","1,7",1,3,"2,2",,,52,0,0,1,5,0,0,1,"8,8","5,8",1,20,0,0,0,"3,2","6,2",0
Lliçà d'Amunt,Pla Estratègic de Lliça d'Amunt,2008,2008-2017,Pla estratègic territorial,M,Lliçà d'Amunt,,,Vallès Oriental,0,0,0,,,,"0,5","0,5",,,,,,"0,25",0,"0,25","0,25",,0,,,,,"1,25",,,1,,,,,,,,,,,,1,,,1,6,0,0,0,1,0,0,0,"0,75",0,0,"2,25",0,0,0,0,1,1
Lluçà,Pla de desenvolupament local de Lluçà,1998,1998-2007,Pla estratègic territorial,M,Lluçà,,,Lluçanès,0,"3,5","1,5","0,25","0,25",,,2,"0,5",,,,"1,5",,1,2,,1,0,,,"0,25",,1,,3,1,"1,25",,"1,5",,,,,,"1,5",1,,,1,,,25,0,5,"0,5","2,5",0,0,0,"5,5",0,"0,25","7,75",0,0,0,"2,5",1,0
Lluçanès,Full de ruta de Desenvolupament Econòmic del Lluçanès 2019-2022,2018,2018-2023,Pla estratègic territorial,C,,,,Lluçanès,1,"0,8","0,8",,,,"1,75","2,5","0,5",,,,1,1,"1,25","0,9","1,5","0,75",1,,,"2,5",,,2,,2,,"1,5",,,1,,,,1,,1,"1,25",4,,2,33,1,"1,6",0,"4,75",0,0,0,"6,4",1,"2,5","5,5",1,0,0,1,"6,25",2
Lluçanès-Moianès-VallGesOiB-Voltreganès. Territoris serens,Reflexió estratègica entorn els Territoris Serens,2009,2008-2017,Pla estratègic territorial,C,,,,"Lluçanès, Osona, Berguedà, Moianès",1,3,3,,,,"1,75","1,5",1,,,,"3,5",,1,4,"1,25",,2,,,,,"1,5","0,5",2,,1,,,,,,,,,3,1,1,,,2,35,1,6,0,"4,25",0,0,0,"9,75",2,0,5,0,0,0,3,2,2
Manlleu - Passeig del Ter,El passeig del Ter com a element estratègic territorial,2020,2018-2023,Pla estratègic territorial,M,Manlleu,,,Osona,"0,2","0,5",0,,,,,,,,"1,25","0,2",,,"1,95","3,55","1,5","1,5",0,,,,,,,"2,85","0,35","4,1","2,9",,,,1,,,"4,35","1,55",,,,,"0,25",28,"0,2","0,5",0,0,0,"1,25","0,2","8,5",0,0,"10,2",0,1,0,"5,9",0,"0,25"
Manresa,Pla Estratègic de Manresa,2005,1998-2007,Pla estratègic territorial,M,Manresa,,,Bages,0,"0,5",0,,,"0,2",,,1,"0,2",,,,,"0,5",,,,2,,2,"0,4",,"0,5",,"1,75","0,45",3,,,,,,,,"0,5",,,,1,,,14,0,"0,5","0,2",1,"0,2",0,0,"0,5",4,"0,4","5,7",0,0,0,"0,5",1,0
Manresa,"Pacte de ciutat per a la promoció econòmica i la
cohesió social",2013,2008-2017,Pla estratègic territorial,M,Manresa,,,Bages,1,"0,5","0,5",,,,"2,2","2,7","3,7",1,,,"4,4",3,"1,7",2,2,"0,5","2,5",3,1,5,,"0,25",1,"1,2",3,3,"0,5","2,5",,,,,,,"0,2",1,"3,4",6,,"3,25",62,1,1,0,"8,6",1,0,0,"13,6","6,5",5,"11,45",0,0,0,"0,2","10,4","3,25"
Manresa,"Pacte de ciutat per a la promoció econòmica i la
cohesió social",2015,2008-2017,Pla estratègic territorial,M,Manresa,,,Bages,2,0,1,,,1,2,"3,5",1,2,,2,3,1,5,5,"3,5",,"5,5",1,4,9,2,"1,3",3,"6,5",8,5,3,2,,,,,,1,,"4,5","2,5","10,5",,"2,2",103,2,1,1,"6,5",2,0,2,"17,5","10,5",11,"28,8",0,0,0,1,"17,5","2,2"
Manresa (Centre Històric),Pla integral de revitalització del Centre Històric,2022,2018-2023,Pla estratègic territorial,B,Manresa,,,Bages,0,0,0,,,,,"0,5",,,,1,1,"0,5","0,8",,1,,0,,,"2,5",,2,,"1,2","2,7",5,"2,5",,,,,,,1,,,"0,5",,"0,8",,23,0,0,0,"0,5",0,0,1,"3,3",0,"2,5","13,4",0,0,0,1,"0,5","0,8"
Manresa-Cardener,Pla Estratègic del Cardener 2030,2021,2018-2023,Pla estratègic territorial,M,Manresa,,,Bages,0,0,0,,,,,,,,3,,,,0,,,,0,,1,,,"2,5",,"4,5",,10,12,1,,,,,,"11,5",6,,,"0,5",,,52,0,0,0,0,0,3,0,0,1,0,30,0,0,0,"17,5","0,5",0
Maresme (PEM 2015),Pla Estratègic Maresme 2015,2005,1998-2007,Pla estratègic territorial,C,,,,Maresme,0,0,0,,,,"0,5",,1,,,,6,,0,,,,"11,25",1,,,,,"1,5",,,,,,,,,,,,,,,"2,75",1,,25,0,0,0,"1,5",0,0,0,6,"12,25",0,"1,5",0,0,0,0,"2,75",1
Maresme (Pla intervenció territorial),Pla d'intervenció territorial del Maresme 2018-2021,2017,2008-2017,Pla estratègic territorial,C,,,,Maresme,"1,5","0,8",0,,1,,,"1,1","0,4",,,,,"0,25",0,,"0,25","0,5","3,05",,,,,,1,,,,,,,,,,,,,,,"2,5","1,15","1,5",15,"1,5","0,8",1,"1,5",0,0,0,1,"3,05",0,1,0,0,0,0,"2,5","2,65"
Masnou,"Pla de futur, econòmic i social del Masnou",1997,1988-1997,Pla estratègic territorial,M,"Masnou, el",,,Maresme,0,0,"0,5",,2,3,4,3,"1,5",,"1,35","1,35",2,2,"4,5",3,4,"3,5",0,1,2,"2,5",1,"0,7","0,8","1,5",2,7,3,3,"1,3",,3,"1,5",,2,,2,1,3,,1,75,0,"0,5",5,"8,5",0,"1,35","1,35",19,3,"3,5",18,"1,3",3,"1,5",2,6,1
Masquefa,Masquefa es mou!,2016,2008-2017,Pla estratègic territorial,M,Masquefa,,,Anoia,2,0,2,,3,1,2,"0,5",,,,,5,"2,5","7,75","2,5",6,"0,5","4,5","3,25",,"0,5",,"0,5",1,"3,25","3,5",4,5,"3,5",1,3,,,,5,2,6,"9,75",13,"3,5",3,110,2,2,4,"2,5",0,0,0,"24,25","7,75","0,5","20,75",4,0,0,7,"28,75","6,5"
Matadepera,Pla estratègic Matadepera: fem futur,1999,1998-2007,Pla estratègic territorial,M,Matadepera,,,Vallès Occidental,0,0,0,2,2,"2,7","2,5",1,1,,1,1,1,2,"2,75","0,5","1,8",2,0,4,3,,,,,"3,5","1,8","3,8","9,2",2,1,"0,5","3,5",,,"3,45","0,5","1,5","8,5",3,,"1,5",74,0,0,"6,7","4,5",0,1,1,"10,05",7,0,"20,3","1,5","3,5",0,"3,95",13,"1,5"
Mataró,Pla Estratègic de Mataró,1991,1988-1997,Pla estratègic territorial,M,Mataró,,,Maresme,"1,2","0,5",0,"0,2",,,"0,2","1,5","0,5",,"0,6",,,"0,5","0,2",,"1,4",,"3,5","0,2",1,,,"1,9","0,6",2,"0,8","0,8","0,8",,"0,4",,,,,1,,,,"1,2",,1,22,"1,2","0,5","0,2","2,2",0,"0,6",0,"2,1","4,7",0,"6,9","0,4",0,0,1,"1,2",1
Mataró,Mataró 2022,2016,2008-2017,Pla estratègic territorial,M,Mataró,,,Maresme,1,0,0,"0,5","0,5",,2,3,"1,5",,"0,25","0,5","1,5",1,"1,5","2,25",1,,6,,,,,1,,"1,25",1,"2,5",,2,"0,25",,,,,1,1,,1,4,,"1,5",39,1,0,1,"6,5",0,"0,25","0,5","7,25",6,0,"7,75","0,25",0,0,2,5,"1,5"
Mataró (Mar en valor),Mar en valor,2018,2018-2023,Pla estratègic territorial,M,Mataró,,,Maresme,"0,5",0,0,,,,4,1,,,,,2,1,3,4,1,2,2,,1,,,,,2,,"3,5",3,,,,2,3,,"2,5",,"0,5",1,4,,,43,"0,5",0,0,5,0,0,0,13,3,0,"8,5",0,2,3,"2,5","5,5",0
Mataró PDES,Pacte per al Desenvolupament Econòmic i Social de Mataró,2004,1998-2007,Pla estratègic territorial,M,Mataró,,,Maresme,0,0,0,,"0,25",,"1,5","2,5","1,5","0,5",,,,,"1,25","0,75","4,75","0,25",5,,3,"0,25",,"0,75",,1,"2,75","4,5",4,,,,,,,"1,5",1,,"2,5","1,5",,,41,0,0,"0,25","5,5","0,5",0,0,7,8,"0,25",13,0,0,0,"2,5",4,0
Moianès,Pla estratègic del Moianès. Com volem el Moianès de demà?,2005,1998-2007,Pla estratègic territorial,C,,,,Moianès,0,0,0,1,"0,5",,1,,,,1,,,,0,"0,5","0,5",,0,1,1,"0,5",,"1,5",1,2,1,,,,,,,,,,"0,5",,2,,,,15,0,0,"1,5",1,0,1,0,1,2,"0,5","5,5",0,0,0,"0,5",2,0
Moianès,Pla d'acció territorial del Moianès,2008,2008-2017,Pla estratègic territorial,C,,,,Moianès,0,2,1,"0,25","0,25",1,"1,5","1,25",,,,,1,1,2,2,1,,0,,,"1,75",,1,,,1,1,1,1,,1,,,,,,1,"3,5",4,"0,5",4,35,0,3,"1,5","2,75",0,0,0,7,0,"1,75",5,1,0,0,0,"8,5","4,5"
Moianès,Pla estratègic comarcal del Moianès (2021 - 2025),2021,2018-2023,Pla estratègic territorial,C,,,,Moianès,"0,5",0,0,1,3,2,"5,5","4,5",2,2,,"0,5",1,1,"3,25",1,"0,5","0,75",0,"0,5",,"5,5",2,1,,,2,,"2,5","4,5",1,1,"3,5",,,1,,,,"5,5",,"0,5",59,"0,5",0,6,12,2,0,"0,5","7,5","0,5","7,5",10,2,"3,5",0,1,"5,5","0,5"
Moianès,Pla d'actuació comarcal del Moianès,2021,2018-2023,Pla estratègic territorial,C,,,,Moianès,"0,5","0,6","0,4",,1,"0,25","0,5","2,2",,"0,25",,"0,1","0,8",,1,"0,5",,,3,"0,1","0,1","0,75",,"0,1",,,1,"0,1",1,"0,25",,"0,5",,,1,1,,2,1,3,1,,24,"0,5",1,"1,25","2,7","0,25",0,"0,1","2,3","3,2","0,75","2,45","0,5",0,0,2,6,1
Moianès,Pla d'actuació comarcal del Moianès 2023 - 2026,2023,2018-2023,Pla estratègic territorial,C,,,,Moianès,"0,5",0,2,4,"4,5",4,"3,3","8,8","5,9",4,,"4,5","4,5",3,"11,75",8,2,2,"3,5",1,2,"10,5",3,3,,,"3,5",3,4,3,2,,"1,5",,3,3,2,"4,25",5,25,6,4,165,"0,5",2,"12,5",18,4,0,"4,5","31,25","6,5","13,5","16,5",2,"1,5",0,8,"34,25",10
Molins de Rei,Pla Estratègic de Molins de Rei,1996,1988-1997,Pla estratègic territorial,M,Molins de Rei,,,Baix Llobregat,0,0,0,,"0,5","0,5",1,"1,75",,,,"0,5","0,25",,4,"1,5","2,25","0,8",0,"1,5",1,"1,5",,2,"1,25",,"1,5","1,75",2,1,1,,2,,"0,5","0,85","2,35",,1,"1,25","0,5",,36,0,0,1,"2,75",0,0,"0,5","8,8","2,5","1,5","9,5",1,2,0,"3,7","2,25","0,5"
Mollet del Vallès I,Pla Estratègic de Mollet.,1993,1988-1997,Pla estratègic territorial,M,Mollet del Vallès,,,Vallès Oriental,0,0,0,"0,8",,,"0,2","0,5","0,75",,,"0,4",1,,"0,9",,"1,9",,"0,75",,2,,,"2,2",1,"1,8",1,"1,2",,,"0,4",,"0,2",,,,1,1,2,1,,1,23,0,0,"0,8","1,45",0,0,"0,4","3,8","2,75",0,"7,2","0,4","0,2",0,1,4,1
Mollet del Vallès II,Mollet 2025. Pla Estratègic de la ciutat de Mollet del Vallès,2008,2008-2017,Pla estratègic territorial,M,Mollet del Vallès,,,Vallès Oriental,0,"1,45","0,75","0,75","0,25","0,2","0,2","1,05",,,,"0,7","0,25","0,9","5,9",,"4,55","0,4","2,65",,"1,5",,,"1,9","2,325","1,65","1,25","2,775","2,425",,"0,125","0,125","0,55",,,"2,325",,1,"4,1",1,"0,5","2,45",46,0,"2,2","1,2","1,25",0,0,"0,7",12,"4,15",0,"12,325","0,25","0,55",0,"2,325","6,1","2,95"
Monistrol de Montserrat,Monistrol de Montserrat: estratègies 2008-2020,2008,2008-2017,Pla estratègic territorial,M,Monistrol de Montserrat,,,Bages,0,0,1,,,,,,,,,,"0,4","0,2","0,2","1,8","1,3",,0,"0,25",1,,,"1,4",,"2,8","0,5",2,"0,2","0,2",,,,,,1,,,1,"0,75",,,16,0,1,0,0,0,0,0,"3,9","1,25",0,"7,1",0,0,0,1,"1,75",0
Montcada i Reixac I,Pla Estratègic de Montcada i Reixac. La ciutat de demà,2002,1998-2007,Pla estratègic territorial,M,Montcada i Reixac,,,Vallès Occidental,0,0,0,,"0,5",1,"0,5",1,,,,,1,,0,,1,1,1,,4,,,,,,1,1,1,,,,1,,,2,,1,1,1,,1,21,0,0,"1,5","1,5",0,0,0,3,5,0,3,0,1,0,2,3,1
Montcada i Reixac II. Actualització projecte ciutat. Falta doc principal,Pla Estratègic 2011 -2020 de Montcada i Reixa,2010,2008-2017,Pla estratègic territorial,M,Montcada i Reixac,,,Vallès Occidental,0,0,0,,1,"0,5",1,"1,5","0,5",3,,,"0,45","0,5",2,,1,,"2,35",1,"0,4",1,,1,"1,5","0,5","1,5","3,45","1,05",,,"0,3","1,3",,"0,2","1,3",,"3,5",2,"0,2",,,34,0,0,"1,5",3,3,0,0,"3,95","3,75",1,9,"0,3","1,3",0,"1,5","5,7",0
Montclar,Pla Estratègic de Montclar 2020 -2030,2019,2018-2023,Pla estratègic territorial,M,Montclar,,,Berguedà,0,2,1,"0,25","0,5","1,5",,,,,,1,"0,4",,"1,75","3,4","0,9",,"0,6",2,,,,,,1,"1,5","4,7",1,"2,5",,,,,,"0,7","0,5","1,1",1,,,"2,7",32,0,3,"2,25",0,0,0,1,"6,45","2,6",0,"10,7",0,0,0,"1,2","2,1","2,7"
Montgat,Montgat t'atrau. Pla Estratègic del municipi de Montgat 2011,2006,1998-2007,Pla estratègic territorial,M,Montgat,,Vall del Tenes,Maresme,0,0,0,,,,,1,,1,,,2,,1,,"0,5",2,1,,,,,,,,,"0,5",,,,,,,,,,2,,1,,,12,0,0,0,1,1,0,0,"5,5",1,0,"0,5",0,0,0,0,3,0
Montmeló,Pla Estratègic de Montmeló,2012,2008-2017,Pla estratègic territorial,M,Montmeló,,,Vallès Oriental,0,"0,5",0,,3,"1,75","4,5",7,1,1,,1,"2,5",,1,3,"4,25",4,"3,25",,3,"4,5",,3,2,1,4,"6,25","5,5","0,5",1,,,,,2,2,4,5,7,,"0,5",89,0,"0,5","4,75","12,5",1,0,1,"14,75","6,25","4,5","22,25",1,0,0,4,16,"0,5"
Montornès del Vallès,Pla estratègic Montornès del Vallès. Escenari de futur i línies estratègiques,2010,2008-2017,Pla estratègic territorial,M,Montornès del Vallès,,,Vallès Oriental,0,0,0,,,,,,,,,,1,1,"2,35","0,85","2,35","0,85","1,3",,,,,1,,1,,"2,6","2,1",,,"1,1",,,,"0,35","1,35",1,1,"2,5",,"0,3",24,0,0,0,0,0,0,0,"8,4","1,3",0,"6,7","1,1",0,0,"1,7","4,5","0,3"
Muntanyes del Baix,Pla d'acció de les Muntanyes del Baix,2019,2018-2023,Pla estratègic territorial,C,,,,Baix Llobregat,1,4,2,,,,"0,5",,,,,"1,25",,,0,"4,25",,,"2,75",,,,,1,,"0,5",,1,,,,,"5,5",,"3,75",3,"4,5",,1,1,1,,38,1,6,0,"0,5",0,0,"1,25","4,25","2,75",0,"2,5",0,"5,5",0,"11,25",2,1
Mura i Talamanca,Pla de futur de Mura i Talamanca,2000,1998-2007,Pla estratègic territorial,I,,"Mura, Talamanca",Mura i Talamanca,Bages,1,"1,5",2,1,2,,,,1,,1,,,,0,2,,,"1,5",1,1,,,1,,"3,5",1,,1,1,,,,,,,,,1,,,"0,5",24,1,"3,5",3,1,0,1,0,2,"3,5",0,"7,5",0,0,0,0,1,"0,5"
Òdena I,Pla estratègic d'Òdena,2001,1998-2007,Pla estratègic territorial,M,Òdena,,,Anoia,0,"0,25",0,,,,,1,,,,,1,,0,"1,75",,,0,,1,,,1,,"0,5",,,,,,,,,,"0,5",,,,11,,1,19,0,"0,25",0,1,0,0,0,"2,75",1,0,"1,5",0,0,0,"0,5",11,1
Òdena II,Pla estratègic d'Òdena II,2010,2008-2017,Pla estratègic territorial,M,Òdena,,,Anoia,0,0,1,,"0,6",,1,"1,5",,,,,"2,9","0,25",0,"0,5","0,5",,"0,5",,"0,4",,,1,1,,,"0,4",,"0,75",,,1,,,,,,,"2,7",,,16,0,1,"0,6","2,5",0,0,0,"4,15","0,9",0,"3,15",0,1,0,0,"2,7",0
Olesa de Montserrat II,"Pla estratègic. Olesa de Montserrat, una ciutat amb futur",2001,1998-2007,Pla estratègic territorial,M,Olesa de Montserrat,,,Baix Llobregat,0,1,0,"2,5","0,9",,4,6,"0,5",1,"0,25",,1,2,"5,5","0,5",2,"3,8",4,1,"4,5",1,,"4,75",4,1,1,"1,7","2,75","1,5","0,25",,1,,,3,,,"2,5",2,1,"3,1",71,0,1,"3,4","10,5",1,"0,25",0,"14,8","9,5",1,"16,7","0,25",1,0,3,"4,5","4,1"
Osona XXI,Pla Estratègic Econòmic i Social Osona XXI,1992,1988-1997,Pla estratègic territorial,C,,,,Osona,0,0,0,1,,,"0,25",1,"1,25",,"0,25","0,25","0,5",,"1,5",,,,"2,5",,2,1,,"1,5",,,,2,,,"0,25",,,,,"0,25",1,,2,,,"1,5",20,0,0,1,"2,5",0,"0,25","0,25",2,"4,5",1,"3,5","0,25",0,0,"1,25",2,"1,5"
Parets del Vallès,"Parets, com tu el vols 2010 - 2025. Pla estratègic de Parets del Vallès",2010,2008-2017,Pla estratègic territorial,M,Parets del Vallès,,,Vallès Oriental,0,0,0,,,,,,"0,1",,,"0,5","0,5","0,5","1,75",,"1,5","0,5","1,4","1,25",,"0,25",,1,,"0,25","0,25","1,5","1,25",,,"0,5",,,,"1,25",,1,"0,75",2,,,18,0,0,0,"0,1",0,0,"0,5","4,75","2,65","0,25","4,25","0,5",0,0,"1,25","3,75",0
PEMB I,1er Pla Estratègic Metropolità de Barcelona,2003,1998-2007,Pla estratègic territorial,I,,"Badia del Vallès, Montgat, Gavà Sant Climent de Llobregat Santa Coloma de Cervelló Sant Andreu de la Barca Sant Joan Despí Montcada i Reixac Castellbisbal Esplugues de Llobregat Cervelló Sant Adrià de Besòs Sant Feliu de Llobregat Pallejà El Papiol Torrelles de Llobregat Corbera de Llobregat Barberà del Vallès Viladecans Barcelona Sant Vicenç dels Horts Sant Cugat del Vallès Badalona Sant Just Desvern Santa Coloma de Gramenet Sant Boi de Llobregat El Prat de Llobregat Molins de Rei Cerdanyola del Vallès Ripollet La Palma de Cervelló Tiana Castelldefels Cornellà de Llobregat Begues L'Hospitalet de Llobregat",Àrea Metropolitana de Barcelona,"Barcelonès, Baix Llobregat, Maresme, Vallès Occidental",0,0,0,,2,,"4,5","4,25","2,25",,"0,4","0,3",4,3,"3,6","1,5",1,,8,,"4,5","2,3",,"5,5",,,4,"3,6",4,,"0,3",,1,,,2,,1,1,"4,7",1,"2,3",72,0,0,2,11,0,"0,4","0,3","13,1","12,5","2,3","17,1","0,3",1,0,2,"6,7","3,3"
PEMB II (Visió 2020),Barcelona Visió 2020,2010,2008-2017,Pla estratègic territorial,I,,"Badia del Vallès, Montgat, Gavà Sant Climent de Llobregat Santa Coloma de Cervelló Sant Andreu de la Barca Sant Joan Despí Montcada i Reixac Castellbisbal Esplugues de Llobregat Cervelló Sant Adrià de Besòs Sant Feliu de Llobregat Pallejà El Papiol Torrelles de Llobregat Corbera de Llobregat Barberà del Vallès Viladecans Barcelona Sant Vicenç dels Horts Sant Cugat del Vallès Badalona Sant Just Desvern Santa Coloma de Gramenet Sant Boi de Llobregat El Prat de Llobregat Molins de Rei Cerdanyola del Vallès Ripollet La Palma de Cervelló Tiana Castelldefels Cornellà de Llobregat Begues L'Hospitalet de Llobregat",Àrea Metropolitana de Barcelona,"Barcelonès, Baix Llobregat, Maresme, Vallès Occidental",0,0,0,"2,6",3,,1,"0,95","2,2",,2,"2,75",1,"2,25","10,25","2,95","5,75","3,85",13,"1,2",1,1,,"1,5","0,8",,"2,8","4,5","1,5",,"0,25","0,5",,,,"0,25","0,25",1,,"6,4",,"1,5",78,0,0,"5,6","4,15",0,2,"2,75","26,05","15,2",1,"11,1","0,75",0,0,"0,5","7,4","1,5"
PEMB III (Barcelona Demà),Compromís Metropolità 2030,2020,2018-2023,Pla estratègic territorial,C,,,Regió metropolitana de Barcelona,"Barcelonès, Baix Llobregat, Maresme, Vallès Occidental",,1,2,"0,5",,,,1,,,"1,5",2,,,1,,,,4,1,2,3,,3,1,"0,5",3,"2,5","4,5",,,,,,,,,2,,1,1,"2,5",40,0,3,"0,5",1,0,"1,5",2,1,7,3,"14,5",0,0,0,0,3,"3,5"
Penedès,Pla estratègic Penedès 2015,2015,2008-2017,Pla estratègic territorial,C,,,,Alt Penedès,"0,2","1,5","1,2","1,2",2,"0,6","1,2","1,7","1,2",,,"2,5",,"1,4","10,3","9,6",,,"6,9","2,4","1,8","0,6",,"2,9","7,3","1,75","2,4","2,5","4,2",,,,,,,"2,5","4,15",4,,"3,4","1,3","3,3",86,"0,2","2,7","3,8","4,1",0,0,"2,5","21,3","11,1","0,6","21,05",0,0,0,"6,65","7,4","4,6"
Pla del Penedès,El Pla del Penedès. Pla d'acció municipal,2013,2008-2017,Pla estratègic territorial,M,"Pla del Penedès, el",,,Alt Penedès,0,0,"1,5",,,"2,5",,,,,,,,,"3,5","1,25",1,"0,75",0,"2,5",,,,,,"3,5",,"4,75","1,25",2,1,1,,,,3,"1,25",1,"1,75","2,5",,2,38,0,"1,5","2,5",0,0,0,0,"6,5","2,5",0,"11,5",2,0,0,"4,25","5,25",2
Pobla de Lillet,Pla estratègic de la Pobla de Lillet,1999,1998-2007,Pla estratègic territorial,M,"Pobla de Lillet, La",,,Berguedà,0,0,"0,25",,,,,"0,4",,,,,1,"0,25","0,75","4,3","1,05",,1,,"0,25",,,,"0,5","1,5","3,25","2,5",,1,,,,,1,"0,5",,1,,,,"1,5",22,0,"0,25",0,"0,4",0,0,0,"7,35","1,25",0,"8,75",0,0,0,"1,5",1,"1,5"
Polinyà,Pla de desenvolupament estratègic de  Polinyà,2006,1998-2007,Pla estratègic territorial,M,Polinyà,,,Vallès Occidental,0,0,0,,,,,"0,5",,,,,,"0,5",0,,,,"0,5",,,,,1,,,,,,,,,,,,,,"0,5",1,,,1,5,0,0,0,"0,5",0,0,0,"0,5","0,5",0,1,0,0,0,0,"1,5",1
Puiggraciós,Pla estratègic acord de Puiggraciós,2005,1998-2007,Pla estratègic territorial,I,,"Atmella del Vallès, Figaró-Montmany, La Garriga, Tagamanent",Puiggraciós,Vallès Oriental,0,0,0,,,,,1,,,,,,,"0,5",,"0,5",,0,,,,,"1,5",,,,,,,,"0,5","0,6",,,,1,,,"0,2","0,2",1,7,0,0,0,1,0,0,0,1,0,0,"1,5","0,5","0,6",0,1,"0,2","1,2"
Riera d'Argentona,Pla director i definició estratègica territorial en l’àmbit de la promoció econòmica de la Riera d’Argentona,2011,2008-2017,Pla estratègic territorial,I,,"Argentona, Cabrera de Mar, Dosrius i Òrrius",Riera d'Argentona,Maresme,0,"4,5",1,,,,"0,5","3,75","1,5",,,,7,2,0,"3,25","2,75",,"4,75",,1,1,,,3,"0,35",,,,,,1,,,,"0,35",,,2,"14,8",3,"8,5",66,0,"5,5",0,"5,75",0,0,0,15,"5,75",1,"3,35",1,0,0,"0,35","16,8","11,5"
Riera de Caldes,Pla estratègic de la Riera de Caldes,2017,2008-2017,Pla estratègic territorial,I,,"Caldes de Montbui, La Llagosta, Palau-solità i Plegamans, Polinyà, Santa Perpètua de Mogoda i Sentmenat",Riera de Caldes,Vallès Oriental,0,"0,5","0,5",,,,,"1,25","0,25",,,,,"0,5",0,1,1,,2,,"0,5","0,5",,,1,,,,"1,5",,,,,,,1,,,,"1,5",,,13,0,1,0,"1,5",0,0,0,"2,5","2,5","0,5","2,5",0,0,0,1,"1,5",0
Roda de Ter,Pla d'acció de desenvolupament econòmic local de Roda de Ter i àrea de relació territorial,2021,2018-2023,Pla estratègic territorial,M,Roda de Ter,,,Osona,0,0,0,,,,,,,,,,,,3,,,,0,,,,,,,,,,,,,,,,,,,1,"0,5","4,5",1,3,13,0,0,0,0,0,0,0,3,0,0,0,0,0,0,0,6,4
Rubí I,Pla estratègic de Rubí,1996,1988-1997,Pla estratègic territorial,M,Rubí,,,Vallès Occidental,0,0,0,2,1,,"2,25","1,75","2,5",,,1,,"0,5","7,1",1,"3,5",,4,2,"9,5",1,,"2,5","1,5","4,5",,"5,5","1,5",2,1,1,4,,1,"5,5",1,2,"3,4","2,5",,5,83,0,0,3,"6,5",0,0,1,"12,1","15,5",1,"17,5",2,4,0,"7,5","7,9",5
Ruta Minera,Pla estratègic del consorci de la ruta minera,2001,1998-2007,Pla estratègic territorial,I,,"Guardiola de Berguedà, Fígols, Cercs, Vallcebre",Ruta minera,Berguedà,0,0,0,,,,"1,5",,,,,,,,6,4,1,,"1,5","0,5",,,,,,"1,5",,"2,75",1,,,,,,,"2,5","1,25",,2,"0,5",,,26,0,0,0,"1,5",0,0,0,11,2,0,"5,25",0,0,0,"3,75","2,5",0
Sabadell,Pla estratègic Sabadell 2010,2002,1998-2007,Pla estratègic territorial,M,Sabadell,,,Vallès Occidental,"0,4",0,0,"0,5","1,2","0,4",,1,1,,,,1,,4,3,2,,5,"0,7","4,25",,,"2,2","1,25",1,1,"4,6","2,95","0,4",,"1,4",,,,"2,7",,"1,3",,"2,2",,"0,55",46,"0,4",0,"2,1",2,0,0,0,10,"9,95",0,"13,4","1,4",0,0,"2,7","3,5","0,55"
Sant Andreu de Llavaneres,Pla Estratègic de Sant Andreu de Llavaneres,2000,1998-2007,Pla estratègic territorial,M,Sant Andreu de Llavaneres,,,Maresme,0,0,0,,,,,1,,,,,1,1,2,,1,,0,,,,,1,1,,1,1,,,,,1,,,,,,,,,,11,0,0,0,1,0,0,0,5,0,0,4,0,1,0,0,0,0
Sant Celoni,"Sant Celoni, Ciutat de talent. Orientacions estratègiques per al desenvolupament de Sant Celoni en el marc de la redacció del POUM",2018,2018-2023,Pla estratègic territorial,M,Sant Celoni,,,Vallès Oriental,0,0,0,,,"0,4",,"0,5","0,5",,,,,,0,"1,5",,,0,,1,,,1,,"0,25",,"1,45","0,5","0,4",,1,,,,"1,5",1,1,,1,,1,14,0,0,"0,4",1,0,0,0,"1,5",1,0,"3,6",1,0,0,"2,5",2,1
Sant Cugat del Vallès,Pla estratègic Econòmic i d’Ocupació de Sant Cugat del Vallès,2005,1998-2007,Pla estratègic territorial,M,Sant Cugat del Vallès,,,Vallès Occidental,0,0,0,,,,,4,1,,,,1,3,0,,3,,3,"0,5",,2,,,1,,,1,4,,,,,,,,,,,3,1,"2,5",30,0,0,0,5,0,0,0,7,"3,5",2,6,0,0,0,0,3,"3,5"
Sant Cugat del Vallès - Barri del Monestir i Sant Francesc,Pla estratègic del barri Monestir-Sant Francesc de Sant Cugat dl Vallès,2017,2008-2017,Pla estratègic territorial,B,Sant Cugat del Vallès - Barri del Monestir i Sant Francesc,,,Vallès Occidental,0,0,0,,"0,5","0,5","1,1",,,,,,,,"2,1",,"3,25","0,1",0,"0,1",,,,,,1,2,"4,65",5,,"0,3",,,,,1,,1,"2,4",,,1,26,0,0,1,"1,1",0,0,0,"5,45","0,1",0,"12,65","0,3",0,0,1,"3,4",1
Sant Feliu de Codines,Sant Feliu de Codines: escenari 2016,2009,2008-2017,Pla estratègic territorial,M,Sant Feliu de Codines,,,Vallès Oriental,0,0,0,,,,,1,,,,,,,"0,5","0,25","0,25",,"0,5",,,,,"1,75",,,,"0,5",1,,,,,,,,"0,25",,,1,,,7,0,0,0,1,0,0,0,1,"0,5",0,"3,25",0,0,0,"0,25",1,0
Sant Fruitós de Bages,Pla Estratègic Sant Fruitós de Bages 2010,2001,1998-2007,Pla estratègic territorial,M,Sant Fruitós de Bages,,,Bages,0,"1,5",1,1,1,2,1,"1,5",,,"0,25","0,25",2,"0,5","6,5",8,"2,5",2,"0,5","1,25","1,5",,,"3,25",1,"3,75",3,5,5,3,"1,75",3,"3,5",,,1,1,"4,5","13,25","4,75",,,91,0,"2,5",4,"2,5",0,"0,25","0,25","21,5","3,25",0,24,"4,75","3,5",0,2,"22,5",0
Sant Iscle de Vallalta,"Sant Iscle 2020, territori serè i amb iniciativa del Maresme",2008,2008-2017,Pla estratègic territorial,M,Sant Iscle de Vallalta,,,Maresme,1,0,"0,5",,"0,5",1,,"0,5",,,,1,"0,5",,"1,25","0,5",1,1,"0,1","0,9",,,,"1,5","0,75","0,5",,,1,1,,,,,,,1,1,"0,5",1,,2,20,1,"0,5","1,5","0,5",0,0,1,"4,25",1,0,"4,75",0,0,0,1,"2,5",2
Sant Just Desvern,Pla estratègic de Sant Just Desvern,1999,1998-2007,Pla estratègic territorial,M,Sant Just Desvern,,,Baix Llobregat,"0,5",0,0,,3,1,,"0,5",,"1,5","0,5","2,5",1,"2,5","2,5",1,4,1,4,"1,5",,"1,5",,1,1,2,"0,5","9,5",6,"1,5","1,5",,"2,5",,,2,1,3,3,"2,5","1,5",,67,"0,5",0,4,"0,5","1,5","0,5","2,5",12,"5,5","1,5","21,5","1,5","2,5",0,3,"8,5","1,5"
Sant Mateu de Bages,Pla estratègic de Sant Mateu de Bages,2018,2018-2023,Pla estratègic territorial,M,Sant Mateu de Bages,,,Bages,"3,5","11,55","3,9","1,75","6,5","3,1",5,"1,5",,1,"4,25",5,"2,5","1,5","9,45",12,"2,9",,"3,75","3,9","0,2","0,6",,"2,9",2,"5,85",7,1,2,"1,3","3,5","3,4","3,6",,"6,1","5,05","1,5","3,8",1,"5,5","1,25","5,4",146,"3,5","15,45","11,35","6,5",1,"4,25",5,"28,35","7,85","0,6","22,05","6,9","3,6",0,"12,65","10,3","6,65"
Sant Pere de Ribes,Pla estratègic de Sant Pere de Ribes,1999,1998-2007,Pla estratègic territorial,M,Sant Pere de Ribes,,,Garraf,0,1,0,4,2,,2,"3,5","0,5",,,,,,"7,5",,,"1,5",0,2,1,,,4,,6,,3,,,,,7,,,10,3,3,7,"4,5","0,5",,73,0,1,6,6,0,0,0,9,3,0,13,0,7,0,13,"14,5","0,5"
Sant Pol de Mar,Pla estratègic de Sant Pol de Mar,2005,1998-2007,Pla estratègic territorial,M,Sant Pol de Mar,,,Maresme,0,"1,75","0,25","1,4","0,9",1,"2,5","1,75",,"0,5",,,,,2,"2,75","0,25","3,5",0,,1,,"0,5","3,5","1,5",,3,"0,5","1,5",,1,,1,,1,"2,5",1,1,,"0,25","1,25","0,95",40,0,2,"3,3","4,25","0,5",0,0,"8,5",1,"0,5",10,1,1,0,"4,5","1,25","2,2"
Sant Quirze Safaja,Pla de desenvolupament estratègic de Sant Quirze de Safaja,2010,2008-2017,Pla estratègic territorial,M,Sant Quirze Safaja,,,Moianès,0,0,0,"0,5","0,5","0,5",,,,,,,"0,5",,"0,4",1,,"0,4",0,"0,5",,,,,,,,,,,,,,,,"0,7",,,,,,,5,0,0,"1,5",0,0,0,0,"2,3","0,5",0,0,0,0,0,"0,7",0,0
Sant Vicenç de Montalt,Pla estratègic de Sant Vicenç de Montalt,1998,1998-2007,Pla estratègic territorial,M,Sant Vicenç de Montalt,,,Maresme,0,0,0,,1,1,3,,,,1,,,,"1,75",2,1,"0,5",1,,"1,5",,,3,,2,,"1,25","0,5",1,,,,,1,"1,5",,,1,3,,1,29,0,0,2,3,0,1,0,"5,25","2,5",0,"7,75",0,0,0,"2,5",4,1
Santa Coloma de Gramenet - EDUSI,Estratègia de desenvolupament urbà sostenible i integrat,2015,2008-2017,Pla estratègic territorial,M,Santa Coloma de Gramenet,,,Barcelonès,0,0,0,,,,,,,,,"2,5",,1,1,,1,,0,,,1,,,,,"0,5","0,75","0,25",,,,1,,,1,,,,"1,5","0,5",,12,0,0,0,0,0,0,"2,5",3,0,1,"1,5",0,1,0,1,"1,5","0,5"
Santa Coloma de Gramenet I,Santa Coloma 2000,1989,1988-1997,Pla estratègic territorial,M,Santa Coloma de Gramenet,,,Barcelonès,0,0,0,,,,,1,,2,,,,,"0,5","1,25","1,25",,1,,1,,,3,1,1,1,"3,5","0,5",,,,,,,2,"1,5",2,1,2,,1,"27,5",0,0,0,1,2,0,0,3,2,0,10,0,0,0,"3,5",5,1
Santa Coloma de Gramenet II,Eixos estratègics de desenvolupament,1999,1998-2007,Pla estratègic territorial,M,Santa Coloma de Gramenet,,,Barcelonès,0,0,0,,,,"0,2",,,,,,,,"0,2",,,,1,1,,"0,2",,"0,65",,,"0,2","1,05","0,4",,,,,,,"0,2",,"0,2","0,2",1,,"0,5",7,0,0,0,"0,2",0,0,0,"0,2",2,"0,2","2,3",0,0,0,"0,2","1,4","0,5"
Santa Eulàlia de Riuprimer,Pla de desenvolupament econòmic de Santa Eulàlia de Riuprimer,2001,1998-2007,Pla estratègic territorial,M,Santa Eulàlia de Riuprimer,,,Osona,0,0,1,,,,,,,,,,"1,5",,2,1,1,1,"2,5",,,,,,1,"0,5","0,8","1,5",,,,,,,,"2,5","0,5",1,"1,2",1,,,20,0,1,0,0,0,0,0,"6,5","2,5",0,"3,8",0,0,0,3,"3,2",0
Santa Margarida de Montbui,Pla estratègic de Santa Margarida de Montbui,2005,1998-2007,Pla estratègic territorial,M,Santa Margarida de Montbui,,,Anoia,0,"0,5",0,,,,,,,,,,,,0,"1,7",1,"0,8",1,,,,,"0,5",1,"0,3","0,5",4,,,,,,,,"2,2","0,5",,1,,,,15,0,"0,5",0,0,0,0,0,"3,5",1,0,"6,3",0,0,0,"2,7",1,0
Santa Maria de Palautordera,Palautordera és futur 2014 - 2024,2013,2008-2017,Pla estratègic territorial,M,Santa Maria de Palautordera,,,Vallès Oriental,1,0,0,,,,,"1,5","0,5",,,,"1,5",1,2,1,1,"0,5","2,5",4,,1,,,"0,5","0,5",,,,,,,,,,,,,2,4,"0,5",2,27,1,0,0,2,0,0,0,7,"6,5",1,1,0,0,0,0,6,"2,5"
Santa Perpètua de Mogoda,Pla estratègic de Santa Perpètua de la Mogoda 2025,2009,2008-2017,Pla estratègic territorial,M,Santa Perpètua de Mogoda,,,Vallès Occidental,0,0,0,,,,,,,,,,,,0,,"0,2",,"0,7",,,,,"0,3",,,,,,,,,,,,"0,4","0,4",,1,1,,1,5,0,0,0,0,0,0,0,"0,2","0,7",0,"0,3",0,0,0,"0,8",2,1
Sitges,Sitges Pla Estratègic,1991,1988-1997,Pla estratègic territorial,M,Sitges,,,Garraf,0,0,0,1,,,2,"2,7",1,,"3,5",,,1,"3,65","7,05","4,5","2,25",0,,1,,,"0,6",,,1,"3,45",2,"0,5",2,,1,"1,5",,1,"0,5","0,3","2,2","4,8",,"0,5",51,0,0,1,"5,7",0,"3,5",0,"18,45",1,0,"7,55",2,1,"1,5","1,5","7,3","0,5"
Sitges,Projecte per al desenvolupament de l’economia blava de Sitges,2021,2018-2023,Pla estratègic territorial,M,Sitges,,,Garraf,0,"0,25","0,25",,,,"0,5",,"0,5",,,,,,"0,8","0,5","0,5","2,25",1,,,,,,,"0,2",,,,,,,"0,75","0,25",,,,,"0,25",,,1,9,0,"0,5",0,1,0,0,0,"4,05",1,0,"0,2",0,"0,75","0,25",0,"0,25",1
Súria I,Detecció de noves línies de promoció econòmica a la vila de Súria,1996,1988-1997,Pla estratègic territorial,M,Súria,,,Bages,0,0,"5,75",,1,,"0,25","6,75",1,,,,3,"2,5","4,5","31,5","4,5",,1,1,,1,,"1,5",1,"0,5",1,"1,5","1,25",,"0,5",,"0,5",,,"0,5",,,,7,,2,81,0,"5,75",1,8,0,0,0,46,2,1,"6,75","0,5","0,5",0,"0,5",7,2
Súria II,SuriaAcció. Pla de desenvolupament local,2013,2008-2017,Pla estratègic territorial,M,Súria,,,Bages,5,1,2,,1,,,"6,5",,,,1,3,1,6,"5,75","4,25",1,"6,5",,"0,5","2,5",,1,"2,5",3,1,3,5,1,,,,,,1,,"2,5","2,5",5,,"1,5",76,5,3,1,"6,5",0,0,1,21,7,"2,5","16,5",0,0,0,1,10,"1,5"
Terrassa,Pla estratègic Ciutat de Terrassa,1992,1988-1997,Pla estratègic territorial,M,Terrassa,,,Vallès Occidental,0,0,0,"0,2","0,5","0,5",,1,6,,,,1,"1,4","0,8",,2,"0,8","4,5",1,6,,,"0,7",1,5,,"6,6","3,4",,"0,5",1,"1,5",,,"2,4","1,6",,,"1,3",,"3,3",54,0,0,"1,2",7,0,0,0,6,"11,5",0,"16,7","1,5","1,5",0,4,"1,3","3,3"
Vall de la riera del Carme,Pla estratègic de desenvolupament de la vall de la riera del Carme,2021,2018-2023,Pla estratègic territorial,I,,"Carme, Orpí, Santa Maria de Miralles",Vall de la riera del Carme,Anoia,1,"2,75","0,5",,"1,5",3,"0,5",,,,,"3,25",1,,"3,25","5,55","3,55",1,0,3,,,,"0,75",,"2,25",5,,"1,75",1,,,"3,5",,3,"4,25",,1,"1,5",3,"1,25","2,45","60,55",1,"3,25","4,5","0,5",0,0,"3,25","14,35",3,0,"10,75",0,"3,5",0,"7,25","5,5","3,7"
"Vall del Ges, Orís i Bisaura","Pla estratègic de la Vall del Ges, Orís i Bisaura",1998,1998-2007,Pla estratègic territorial,I,,"Montesquiu, Orís, Sant Pere de Torelló, Sant Quirze de Besora, Sant Vicenç de Torelló, Santa Maria de Besora, Sora, Torelló, Vidrà","Vall del Ges, Orís i Bisaura",Osona,1,4,0,"1,5",2,1,4,7,,1,11,4,3,2,5,,3,1,0,1,"0,5","4,5",2,"2,5",1,"2,5",3,3,5,3,7,"6,5","8,5",,3,9,"5,5",1,3,2,,4,128,1,4,"4,5",11,1,11,4,14,"1,5","6,5",20,"13,5","8,5",0,"17,5",6,4
"Vall del Ges, Orís i Bisaura","Pla estratègic i d'acció del territori de la Vall del ges, Orís i Bisaura",2020,2018-2023,Pla estratègic territorial,I,,"Montesquiu, Orís, Sant Pere de Torelló, Sant Quirze de Besora, Sant Vicenç de Torelló, Santa Maria de Besora, Sora, Torelló, Vidrà","Vall del Ges, Orís i Bisaura",Osona,"2,5","1,2","1,1",,"0,8","0,7","0,6","4,6",,1,1,"0,6","2,7",1,"1,7","3,2","0,8",,"2,5",1,,,,"0,2",,"0,3",1,"0,1","2,5","1,5",1,"0,3",,,,"1,4","1,2","3,3","0,85","3,75","1,9","3,7",50,"2,5","2,3","1,5","5,2",1,1,"0,6","9,4","3,5",0,"5,6","1,3",0,0,"2,6","7,9","5,6"
Vall del Tenes,Pla estratègic institucional de la mancomunitat intermunicipal de la Vall del Tenes 2010 - 2012,2008,2008-2017,Pla estratègic territorial,I,,Santa Eulàlia de Ronçana Lliçà de Vall Bigues i Riells Lliçà de d'Amunt,Vall del Tenes,Vallès Oriental,0,0,0,,4,,"3,5","7,25","0,5",1,,,,2,0,"2,5",,1,4,"1,25",,1,,,,1,,,6,,,,,,,,"2,5",2,3,"10,5",1,2,56,0,0,4,"11,25",1,0,0,"5,5","5,25",1,7,0,0,0,"2,5","15,5",3
Vallès Occidental (Vallès Avança),Pla estratègic Vallès Avança 2008 - 2013,2008,2008-2017,Pla estratègic territorial,C,,,,Vallès Occidental,0,0,0,,,,,"1,5",,1,,,,1,0,,,,3,,"0,25",1,,,"1,25",,,,"0,25",,,,,,,,,,,"1,75",,1,12,0,0,0,"1,5",1,0,0,1,"3,25",1,"1,5",0,0,0,0,"1,75",1
Vallès Oriental,Pla estratègic de desenvolupament econòmic local i l’ocupació del Vallès Oriental (2018-2025),2018,2018-2023,Pla estratègic territorial,C,,,,Vallès Oriental,1,0,"0,5",,,,"0,5",6,,,,"0,5","2,5",1,0,"2,5",1,,10,"0,5",,1,,,"6,25",,,"1,25","5,75",,1,1,1,,,,,,"2,5","5,25",2,6,59,1,"0,5",0,"6,5",0,0,"0,5",7,"10,5",1,"13,25",2,1,0,0,"7,75",8
Vallromanes,Pla estratègic de Vallromanes 2033,2021,2018-2023,Pla estratègic territorial,M,Vallromanes,,,Vallès Oriental,0,1,0,"1,5",,"0,5","0,5",,,,1,1,,,3,,"0,5","2,5",0,1,,,,3,,,1,"5,5",3,,,,,,2,3,1,"2,5","2,5",1,,1,38,0,1,2,"0,5",0,1,1,6,1,0,"12,5",0,0,0,6,6,1
Viladecans I,Pla estratègic de Viladecans,1994,1988-1997,Pla estratègic territorial,M,Viladecans,,,Baix Llobregat,"0,4","0,2",0,,,,,1,,,,,,,1,"0,7",,,0,,,,,"1,2",1,,1,"2,6",,,,,"0,4",,,"0,3",1,,,4,,"0,2",15,"0,4","0,2",0,1,0,0,0,"1,7",0,0,"5,8",0,"0,4",0,"1,3",4,"0,2"
Viladecans II,II pla estratègic de Viladecans,2003,1998-2007,Pla estratègic territorial,M,Viladecans,,,Baix Llobregat,"0,25","1,6",1,"0,2",,,"0,75","2,5","0,2",1,"0,45","1,45",,1,"0,8",,"2,6",,"2,35","6,4",1,1,,"1,2","3,4","2,3","1,2","5,8","4,1",,"1,2",,"3,45",,,"1,55","0,4",2,"2,55",3,"2,6","2,7",62,"0,25","2,6","0,2","3,45",1,"0,45","1,45","4,4","9,75",1,18,"1,2","3,45",0,"1,95","7,55","5,3"
Viladecans III,Marc estratègic de la ciutat 2030,2021,2018-2023,Pla estratègic territorial,M,Viladecans,,,Baix Llobregat,0,0,0,,,,"0,7",,,,,,,,0,,,,0,,,,,"0,4",,,1,"0,5","0,4",,,,1,,,,,,,"0,4","0,4","0,2",5,0,0,0,"0,7",0,0,0,0,0,0,"2,3",0,1,0,0,"0,4","0,6"
Viladecavalls,Pla estratègic de Viladecavalls,1999,1998-2007,Pla estratègic territorial,M,Viladecavalls,,,Vallès Occidental,0,0,0,,,,,,,,,,,,1,,"0,3",,0,,,,,"2,5","0,9",,,"0,2",,,,,"0,6",,,,"0,5",,2,,1,,9,0,0,0,0,0,0,0,"1,3",0,0,"3,6",0,"0,6",0,"0,5",2,1
Vilanova i la Geltrú I,Pla estratègic de Vilanova i la Geltrú,2001,1998-2007,Pla estratègic territorial,M,Vilanova i la Geltrú,,,Garraf,0,0,0,,,,"0,3","0,8","0,9",,,,,,1,"0,5",1,1,1,,,,,1,,,"0,5","1,5",1,,,,,,,,,,"2,5",2,,1,16,0,0,0,2,0,0,0,"3,5",1,0,4,0,0,0,0,"4,5",1
Vilanova i la Geltrú II,Pla estratègic d'activitat econòmica de Vilanova i la Geltrú 2016 - 2025,2015,2008-2017,Pla estratègic territorial,M,Vilanova i la Geltrú,,,Garraf,1,"0,5",0,1,"0,5",,,,,,"1,1","1,1",,,1,,,,"0,1","1,1","2,1",,,"1,5",1,"1,5",,1,2,,,"0,5",,"1,5",,1,,1,7,"3,25","4,25",5,40,1,"0,5","1,5",0,0,"1,1","1,1",1,"3,3",0,7,"0,5",0,"1,5",1,"11,25","9,25"
Voltreganès,Pla estratègic de la Comunitat de Municipis del Voltreganès,2010,2008-2017,Pla estratègic territorial,I,,"Sant Hipòlit de Voltregà, Les Masies de Voltregà",Voltreganès,Osona,0,1,0,,,"1,8",3,"0,5",,,1,3,1,,"2,6","2,7","8,4","5,9","3,8",2,,3,,"2,3","2,5","3,5",2,"6,2","6,5","1,3",2,"0,7",2,,,"4,5","1,5","2,5","0,5","3,7","1,1","1,5",84,0,1,"1,8","3,5",0,1,3,"20,6","5,8",3,"24,3","2,7",2,0,6,"6,7","2,6"