Nom complet;Any central;Període;Municipi;ODS1 - Economia social i solidària;ODS2 - Agricultura i alimentació;ODS2 - Productes locals;ODS3 - Salut;ODS3 - Cures;ODS3 - Economia platejada i gent gran;ODS4 - Educació ;ODS4 - Formació (professional i ocupacional);ODS4 - Educació superior i universitats;ODS5 - Igualtat de gènere;ODS6 - Aigua;ODS7 - Energia;ODS8 - Emprenedoria;ODS8 - Retenció i atracció de talent;ODS8 - Creativitat i cultura;ODS8 - Turisme;ODS8 - Comerç i restauració;ODS8 - Esport;ODS9 - Indústria i innovació;ODS9 - Digitalització i telecomunicacions;ODS9 - Grans infraestructures ;ODS10 - Serveis socials;ODS10 - Drets;ODS11 - Model urbà ;ODS11 - Polígons ;ODS11 - Paisatge i patrimoni urbà;ODS11 - Habitatge;ODS11 - Regeneració urbana, espai públic i equipaments;ODS11 - Mobilitat interna ;ODS11 - Manteniment i creixement de la població;ODS12 - Economia circular;ODS12 - Consum responsable;ODS13 - Gestió de riscos, resiliència climàtica;ODS14 - Vida submarina;ODS15 - Fusta i silvicultura. Productes forestals no fustaners;ODS15 - Serveis ecosistèmics i infraestructura verda i blava (incloent verd urbà);ODS15 - Paisatges naturals;ODS16 - Participació;ODS16 - Identitat;ODS16 - Modernització administració ;ODS17 - Dades;ODS17 - Plans, pactes, acords ;Total;ODS1;ODS2;ODS3;ODS4;ODS5;ODS6;ODS7;ODS8;ODS9;ODS10;ODS11;ODS12;ODS13;ODS14;ODS15;ODS16;ODS17
La Nova Abrera! Pla Estratègic d'Abrera;2003;1998-2007;Abrera;0,00 %;0,00 %;0,98 %;0,00 %;0,98 %;0,00 %;4,90 %;1,96 %;0,00 %;4,41 %;2,94 %;0,98 %;0,00 %;0,00 %;9,80 %;0,49 %;3,43 %;0,98 %;3,92 %;1,47 %;2,94 %;4,90 %;0,00 %;4,90 %;3,92 %;2,21 %;2,45 %;6,86 %;7,35 %;3,43 %;0,00 %;0,00 %;0,98 %;0,00 %;0,98 %;6,13 %;0,98 %;0,98 %;6,86 %;3,92 %;0,98 %;1,96 %;100 %;0 %;1 %;1 %;7 %;4 %;3 %;1 %;15 %;8 %;5 %;31 %;0 %;1 %;0 %;8 %;12 %;3 %
Pla estratègic municipal d'Abrera 2023 - 2027;2022;2018-2023;Abrera;0,00 %;2,02 %;0,78 %;3,94 %;1,52 %;2,17 %;3,51 %;3,03 %;0,10 %;2,27 %;4,92 %;3,54 %;0,51 %;1,01 %;6,92 %;1,77 %;2,65 %;0,88 %;1,01 %;0,00 %;0,51 %;3,33 %;2,78 %;1,77 %;0,76 %;1,01 %;1,52 %;7,58 %;4,90 %;0,76 %;1,26 %;0,76 %;3,81 %;0,25 %;0,00 %;1,67 %;0,00 %;3,54 %;2,78 %;13,38 %;3,08 %;2,02 %;100 %;0 %;3 %;8 %;7 %;2 %;5 %;4 %;14 %;2 %;6 %;18 %;2 %;4 %;0 %;2 %;20 %;5 %
Reflexió estratègia d'Arenys de Munt;2000;1998-2007;Arenys de Munt;0,00 %;0,00 %;3,85 %;0,00 %;0,00 %;0,00 %;3,85 %;3,85 %;3,85 %;0,00 %;1,92 %;0,00 %;0,00 %;0,00 %;0,00 %;0,00 %;3,85 %;12,31 %;3,85 %;3,85 %;3,85 %;0,00 %;0,00 %;5,38 %;3,08 %;1,92 %;0,00 %;13,85 %;3,85 %;0,00 %;0,00 %;0,00 %;0,00 %;0,00 %;0,00 %;3,85 %;7,69 %;0,00 %;0,00 %;15,38 %;0,00 %;0,00 %;100 %;0 %;4 %;0 %;12 %;0 %;2 %;0 %;16 %;12 %;0 %;28 %;0 %;0 %;0 %;12 %;15 %;0 %
Pla estratègic d'Argentona;2004;1998-2007;Argentona;1,85 %;4,63 %;0,93 %;0,00 %;0,00 %;3,70 %;3,70 %;7,41 %;0,00 %;0,00 %;0,00 %;0,00 %;0,00 %;0,00 %;3,70 %;6,48 %;0,00 %;0,93 %;0,00 %;3,70 %;6,48 %;0,00 %;0,00 %;9,26 %;3,70 %;5,56 %;3,70 %;12,96 %;0,93 %;3,70 %;0,00 %;0,00 %;0,00 %;0,00 %;0,00 %;2,78 %;2,78 %;3,70 %;7,41 %;0,00 %;0,00 %;0,00 %;100 %;2 %;6 %;4 %;11 %;0 %;0 %;0 %;11 %;10 %;0 %;40 %;0 %;0 %;0 %;6 %;11 %;0 %
Pla de desenvolupament econòmic 2021 - 2023;2021;2018-2023;Barberà del Vallès;4,39 %;0,00 %;0,44 %;0,00 %;0,00 %;0,00 %;1,75 %;10,00 %;0,00 %;1,75 %;0,00 %;4,82 %;7,46 %;0,88 %;0,44 %;3,95 %;9,21 %;0,00 %;3,07 %;8,77 %;0,00 %;4,39 %;0,00 %;0,88 %;3,95 %;0,00 %;0,00 %;0,00 %;1,75 %;1,40 %;0,00 %;0,44 %;0,00 %;0,00 %;0,00 %;0,00 %;0,00 %;0,88 %;2,19 %;19,74 %;3,95 %;3,51 %;100 %;4 %;0 %;0 %;12 %;2 %;0 %;5 %;22 %;12 %;4 %;8 %;0 %;0 %;0 %;0 %;23 %;7 %
III Pla Econòmic i Social de Barcelona (en la perspectiva 1999 - 2005);1999;1998-2007;Barcelona;0,00 %;0,00 %;0,00 %;1,58 %;3,95 %;4,34 %;3,29 %;1,84 %;2,37 %;1,32 %;0,13 %;0,13 %;4,74 %;4,61 %;1,84 %;7,76 %;2,63 %;0,00 %;6,05 %;2,63 %;9,74 %;1,32 %;0,00 %;3,55 %;0,00 %;1,32 %;2,76 %;3,16 %;2,89 %;0,26 %;0,13 %;0,00 %;0,13 %;0,13 %;0,00 %;0,13 %;0,00 %;6,58 %;0,66 %;5,86 %;2,57 %;9,61 %;100 %;0 %;0 %;10 %;8 %;1 %;0 %;0 %;22 %;18 %;1 %;14 %;0 %;0 %;0 %;0 %;13 %;12 %
El Bruc que tots volem;2013;2008-2017;El Bruc;3,85 %;8,85 %;12,31 %;0,00 %;0,00 %;0,00 %;1,28 %;1,28 %;1,28 %;0,00 %;0,00 %;0,00 %;0,51 %;0,00 %;1,92 %;3,72 %;7,56 %;0,00 %;1,15 %;0,00 %;0,00 %;1,28 %;0,00 %;0,00 %;0,00 %;1,15 %;0,00 %;6,41 %;2,56 %;0,77 %;0,00 %;0,00 %;7,05 %;0,00 %;8,97 %;8,33 %;5,90 %;0,00 %;1,03 %;6,41 %;0,00 %;6,41 %;100 %;4 %;21 %;0 %;4 %;0 %;0 %;0 %;14 %;1 %;1 %;11 %;0 %;7 %;0 %;23 %;7 %;6 %
Pla estratègic de Cabrils;2001;1998-2007;Cabrils;0,00 %;0,00 %;3,57 %;7,14 %;0,00 %;0,00 %;7,14 %;0,00 %;0,00 %;0,00 %;0,00 %;0,00 %;0,00 %;0,00 %;7,14 %;0,00 %;3,57 %;7,14 %;0,00 %;0,00 %;0,00 %;0,00 %;0,00 %;7,14 %;0,00 %;3,57 %;0,00 %;10,71 %;7,14 %;0,00 %;0,00 %;0,00 %;7,14 %;0,00 %;0,00 %;7,14 %;0,00 %;0,00 %;7,14 %;14,29 %;0,00 %;0,00 %;100 %;0 %;4 %;7 %;7 %;0 %;0 %;0 %;18 %;0 %;0 %;29 %;0 %;7 %;0 %;7 %;21 %;0 %
Pla Estratègic de Caldes de Montbui. Horitzó 2025;2014;2008-2017;Caldes de Montbui;0,00 %;2,86 %;3,27 %;1,19 %;1,07 %;2,98 %;2,98 %;5,48 %;0,60 %;0,00 %;0,00 %;1,43 %;4,17 %;0,00 %;4,64 %;3,33 %;1,25 %;0,00 %;4,76 %;1,19 %;2,38 %;4,17 %;0,00 %;0,60 %;1,19 %;1,19 %;5,83 %;5,65 %;5,06 %;5,24 %;0,00 %;1,19 %;0,00 %;0,00 %;1,19 %;2,38 %;1,90 %;4,76 %;5,95 %;6,55 %;0,00 %;3,57 %;100 %;0 %;6 %;5 %;9 %;0 %;0 %;1 %;13 %;8 %;4 %;25 %;1 %;0 %;0 %;5 %;17 %;4 %
Pla Estratègic Integral de la ciutat de Calella;2015;2008-2017;Calella;0,00 %;0,00 %;0,00 %;0,00 %;0,00 %;0,00 %;0,00 %;4,55 %;0,00 %;0,00 %;0,00 %;0,00 %;9,09 %;0,00 %;0,00 %;9,09 %;13,64 %;0,00 %;0,00 %;2,27 %;0,00 %;4,55 %;0,00 %;9,09 %;0,00 %;0,00 %;0,00 %;6,82 %;0,00 %;0,00 %;0,00 %;0,00 %;0,00 %;0,00 %;0,00 %;0,00 %;0,00 %;9,09 %;4,55 %;13,64 %;9,09 %;4,55 %;100 %;0 %;0 %;0 %;5 %;0 %;0 %;0 %;32 %;2 %;5 %;16 %;0 %;0 %;0 %;0 %;27 %;14 %
Callús Poble Digital;1999;1998-2007;Callús;0,00 %;0,00 %;0,00 %;3,44 %;1,88 %;1,56 %;2,81 %;7,81 %;0,00 %;0,00 %;1,56 %;1,56 %;0,00 %;0,00 %;9,06 %;0,00 %;3,13 %;1,56 %;6,64 %;10,94 %;0,00 %;3,13 %;0,00 %;3,13 %;0,39 %;1,56 %;0,00 %;2,34 %;0,00 %;0,00 %;1,56 %;1,56 %;6,25 %;0,00 %;0,00 %;2,34 %;3,13 %;1,56 %;4,69 %;7,81 %;5,47 %;3,13 %;100 %;0 %;0 %;7 %;11 %;0 %;2 %;2 %;14 %;18 %;3 %;7 %;3 %;6 %;0 %;5 %;14 %;9 %
Pla de futur de Canet de Mar;2002;1998-2007;Canet de Mar;0,00 %;0,00 %;0,00 %;0,00 %;0,00 %;0,00 %;6,52 %;0,00 %;4,35 %;2,17 %;2,17 %;0,00 %;0,00 %;0,00 %;3,26 %;8,70 %;6,52 %;3,26 %;2,17 %;0,00 %;0,00 %;2,17 %;0,00 %;8,70 %;5,43 %;6,52 %;0,00 %;6,52 %;4,35 %;2,17 %;0,00 %;0,00 %;0,00 %;2,17 %;0,00 %;0,00 %;0,00 %;0,00 %;10,87 %;8,70 %;0,00 %;3,26 %;100 %;0 %;0 %;0 %;11 %;2 %;2 %;0 %;22 %;2 %;2 %;34 %;0 %;0 %;2 %;0 %;20 %;3 %
Orientacions estratègiques per al desenvolupament sostenible de Cardedeu;2010;2008-2017;Cardedeu;0,00 %;0,00 %;3,38 %;0,00 %;2,70 %;4,05 %;0,00 %;0,00 %;0,00 %;0,00 %;1,35 %;1,35 %;2,30 %;1,89 %;5,41 %;5,14 %;3,38 %;2,70 %;7,84 %;0,81 %;2,70 %;2,70 %;0,00 %;3,24 %;2,97 %;2,03 %;0,00 %;10,00 %;2,70 %;1,35 %;0,00 %;0,00 %;2,70 %;0,00 %;0,00 %;3,11 %;0,00 %;0,00 %;10,68 %;6,76 %;0,00 %;6,76 %;100 %;0 %;3 %;7 %;0 %;0 %;1 %;1 %;21 %;11 %;3 %;22 %;0 %;3 %;0 %;3 %;17 %;7 %
Pla Estratègic de la Vila de Cardona;2013;2008-2017;Cardona;0,00 %;1,32 %;1,32 %;0,00 %;0,00 %;0,00 %;2,63 %;3,95 %;0,00 %;0,00 %;0,00 %;0,00 %;2,63 %;5,26 %;2,63 %;8,16 %;9,21 %;0,00 %;11,84 %;0,00 %;0,00 %;0,00 %;0,00 %;0,00 %;5,26 %;3,95 %;3,95 %;2,37 %;3,95 %;2,63 %;1,05 %;0,00 %;0,00 %;0,00 %;2,63 %;2,63 %;1,58 %;0,00 %;5,79 %;3,42 %;1,32 %;10,53 %;100 %;0 %;3 %;0 %;7 %;0 %;0 %;0 %;28 %;12 %;0 %;22 %;1 %;0 %;0 %;7 %;9 %;12 %
Pla Estratègic de Castellar del Vallès;1999;1998-2007;Castellar del Vallès;0,00 %;0,87 %;0,00 %;0,00 %;1,74 %;0,87 %;2,61 %;5,22 %;0,00 %;0,87 %;0,43 %;1,74 %;0,00 %;0,00 %;6,52 %;0,43 %;6,52 %;2,61 %;2,61 %;0,87 %;3,91 %;1,74 %;0,00 %;2,61 %;1,30 %;0,87 %;0,00 %;10,22 %;10,00 %;3,48 %;0,43 %;0,00 %;1,09 %;0,00 %;0,87 %;5,65 %;3,04 %;4,78 %;4,35 %;9,13 %;2,61 %;0,00 %;100 %;0 %;1 %;3 %;8 %;1 %;0 %;2 %;16 %;7 %;2 %;28 %;0 %;1 %;0 %;10 %;18 %;3 %
Pla Estratègic Castellar 20/20;2017;2018-2023;Castellar del Vallès;0,82 %;1,64 %;0,41 %;3,69 %;2,05 %;2,05 %;2,05 %;3,28 %;0,00 %;1,64 %;0,00 %;2,87 %;2,87 %;0,82 %;4,51 %;0,41 %;2,87 %;2,05 %;4,92 %;1,23 %;1,64 %;3,69 %;2,46 %;0,82 %;2,05 %;2,05 %;5,33 %;6,15 %;6,97 %;6,97 %;2,46 %;0,00 %;0,00 %;0,00 %;1,64 %;5,74 %;0,00 %;1,64 %;4,92 %;3,69 %;0,00 %;1,64 %;100 %;1 %;2 %;8 %;5 %;2 %;0 %;3 %;14 %;8 %;6 %;30 %;2 %;0 %;0 %;7 %;10 %;2 %
Planejament estratègic del municipi del Castellet i La Gornal;2002;1998-2007;Castellet i la Gornal;0,00 %;6,25 %;10,00 %;0,00 %;0,00 %;2,50 %;0,00 %;3,75 %;0,00 %;0,00 %;0,00 %;0,00 %;5,00 %;0,00 %;5,00 %;5,00 %;0,00 %;0,00 %;0,00 %;0,00 %;0,00 %;10,00 %;0,00 %;17,50 %;5,00 %;0,00 %;0,00 %;0,00 %;10,00 %;5,00 %;0,00 %;0,00 %;2,50 %;0,00 %;0,00 %;0,00 %;0,00 %;0,00 %;2,50 %;0,00 %;5,00 %;5,00 %;100 %;0 %;16 %;3 %;4 %;0 %;0 %;0 %;15 %;0 %;10 %;38 %;0 %;3 %;0 %;0 %;3 %;10 %
Pla estratègic integral de la Vila de Cercs;2011;2008-2017;Cercs;0,00 %;0,00 %;0,00 %;6,27 %;4,00 %;5,47 %;1,33 %;1,33 %;1,33 %;0,00 %;0,00 %;1,33 %;2,40 %;1,33 %;8,67 %;7,67 %;5,60 %;2,60 %;6,67 %;0,67 %;1,33 %;2,67 %;0,00 %;0,00 %;2,67 %;4,00 %;0,00 %;2,00 %;0,00 %;4,00 %;0,00 %;0,00 %;2,67 %;0,00 %;0,00 %;4,67 %;3,33 %;3,33 %;2,67 %;8,00 %;0,67 %;1,33 %;100 %;0 %;0 %;16 %;4 %;0 %;0 %;1 %;28 %;9 %;3 %;13 %;0 %;3 %;0 %;8 %;14 %;2 %
Pla Estratègic Cerdanyola del Vallès 2030;2021;2018-2023;Cerdanyola del Vallès;0,00 %;0,94 %;0,00 %;1,89 %;0,00 %;1,89 %;4,25 %;2,45 %;1,89 %;2,36 %;0,00 %;3,77 %;0,47 %;2,36 %;3,30 %;0,94 %;4,72 %;1,89 %;2,83 %;0,94 %;0,00 %;5,66 %;0,00 %;1,89 %;2,83 %;3,77 %;3,77 %;4,72 %;2,83 %;1,89 %;1,89 %;0,00 %;5,19 %;0,00 %;0,00 %;6,60 %;0,00 %;2,83 %;0,00 %;12,26 %;0,00 %;6,98 %;100 %;0 %;1 %;4 %;9 %;2 %;0 %;4 %;14 %;4 %;6 %;22 %;2 %;5 %;0 %;7 %;15 %;7 %
Orientacions estratègiques per al desenvolupament econòmic i social de Cerdanyola del Vallès;2009;2008-2017;Cerdanyola del Vallès;0,00 %;0,00 %;0,00 %;0,00 %;0,00 %;0,00 %;0,00 %;0,00 %;7,14 %;4,64 %;0,00 %;0,00 %;0,00 %;0,00 %;8,93 %;5,36 %;5,36 %;0,00 %;16,07 %;3,57 %;0,00 %;0,00 %;0,00 %;2,14 %;0,00 %;1,79 %;3,57 %;3,93 %;1,79 %;3,57 %;0,00 %;1,79 %;3,57 %;0,00 %;0,00 %;1,79 %;1,79 %;0,00 %;6,25 %;8,04 %;0,00 %;8,93 %;100 %;0 %;0 %;0 %;7 %;5 %;0 %;0 %;20 %;20 %;0 %;17 %;2 %;4 %;0 %;4 %;14 %;9 %
Pla Estratègic de desenvolupament sostenible de Collbató;2005;1998-2007;Collbató;0,00 %;0,00 %;0,00 %;0,00 %;0,00 %;2,86 %;2,86 %;0,00 %;0,00 %;0,00 %;0,00 %;0,00 %;10,00 %;14,29 %;5,71 %;2,86 %;10,00 %;5,71 %;0,00 %;0,00 %;0,00 %;0,00 %;0,00 %;14,29 %;0,00 %;0,00 %;11,43 %;7,14 %;0,00 %;2,86 %;0,00 %;0,00 %;0,00 %;0,00 %;0,00 %;2,86 %;0,00 %;0,00 %;2,86 %;0,00 %;4,29 %;0,00 %;100 %;0 %;0 %;3 %;3 %;0 %;0 %;0 %;49 %;0 %;0 %;36 %;0 %;0 %;0 %;3 %;3 %;4 %
Pla Estratègic de Corbera de Llobregat;2005;1998-2007;Corbera de Llobregat;0,00 %;0,88 %;0,00 %;2,63 %;0,44 %;1,97 %;2,63 %;3,51 %;0,00 %;0,00 %;3,07 %;1,75 %;3,07 %;0,00 %;8,33 %;4,82 %;5,26 %;1,32 %;0,00 %;1,75 %;4,39 %;3,29 %;0,00 %;5,48 %;0,66 %;2,63 %;1,97 %;6,80 %;10,96 %;2,63 %;0,00 %;0,00 %;0,88 %;0,00 %;1,54 %;6,14 %;0,88 %;0,00 %;7,89 %;0,88 %;0,00 %;1,54 %;100 %;0 %;1 %;5 %;6 %;0 %;3 %;2 %;23 %;6 %;3 %;31 %;0 %;1 %;0 %;9 %;9 %;2 %
Pla Estratègic de promoció econòmica 2007 - 2016;2005;1998-2007;Dosrius;0,00 %;3,33 %;3,33 %;0,00 %;0,00 %;0,00 %;0,00 %;0,00 %;0,00 %;0,00 %;3,33 %;0,00 %;6,67 %;3,33 %;0,00 %;1,67 %;6,67 %;1,67 %;0,00 %;10,00 %;0,00 %;3,33 %;0,00 %;11,67 %;3,33 %;0,00 %;3,33 %;0,00 %;11,67 %;0,00 %;0,00 %;3,33 %;0,00 %;0,00 %;0,00 %;3,33 %;16,67 %;0,00 %;0,00 %;3,33 %;0,00 %;0,00 %;100 %;0 %;7 %;0 %;0 %;0 %;3 %;0 %;20 %;10 %;3 %;30 %;3 %;0 %;0 %;20 %;3 %;0 %
Pla Estratègic integral d'Esparreguera;2002;1998-2007;Esparreguera;0,00 %;0,00 %;0,00 %;0,25 %;2,50 %;0,00 %;0,25 %;5,25 %;0,00 %;0,00 %;7,50 %;2,50 %;0,00 %;1,25 %;5,00 %;0,63 %;2,50 %;0,00 %;11,25 %;0,00 %;2,50 %;0,00 %;0,00 %;2,50 %;6,25 %;0,38 %;5,00 %;3,75 %;7,50 %;2,50 %;7,50 %;2,50 %;2,50 %;0,00 %;0,00 %;5,25 %;2,50 %;3,13 %;3,13 %;0,75 %;0,00 %;3,50 %;100 %;0 %;0 %;3 %;6 %;0 %;8 %;3 %;9 %;14 %;0 %;28 %;10 %;3 %;0 %;8 %;7 %;4 %
Pla Estratègic Esplugues 2025;2018;2018-2023;Esplugues de Llobregat;0,00 %;0,00 %;0,00 %;0,00 %;3,77 %;3,77 %;5,66 %;0,00 %;0,00 %;5,66 %;0,00 %;1,89 %;0,00 %;1,89 %;1,89 %;1,89 %;1,89 %;4,72 %;3,77 %;1,89 %;0,00 %;5,66 %;1,89 %;3,77 %;0,00 %;1,89 %;3,77 %;8,49 %;1,89 %;3,77 %;3,77 %;0,00 %;5,66 %;0,00 %;0,00 %;1,89 %;0,00 %;1,89 %;9,43 %;7,55 %;0,00 %;0,00 %;100 %;0 %;0 %;8 %;6 %;6 %;0 %;2 %;12 %;6 %;8 %;24 %;4 %;6 %;0 %;2 %;19 %;0 %
Pla Estratègic de Fonollosa;2006;2008-2017;Fonollosa;0,00 %;0,00 %;0,00 %;0,00 %;0,00 %;0,00 %;0,00 %;0,00 %;0,00 %;0,00 %;0,00 %;0,00 %;0,00 %;6,25 %;12,50 %;6,25 %;6,25 %;0,00 %;0,00 %;0,00 %;0,00 %;0,00 %;0,00 %;25,00 %;0,00 %;0,00 %;7,50 %;10,00 %;0,00 %;13,75 %;0,00 %;0,00 %;0,00 %;0,00 %;0,00 %;0,00 %;0,00 %;12,50 %;0,00 %;0,00 %;0,00 %;0,00 %;100 %;0 %;0 %;0 %;0 %;0 %;0 %;0 %;31 %;0 %;0 %;56 %;0 %;0 %;0 %;0 %;13 %;0 %
II Pla Estratègic del Granollers. La ciutat que volem;2008;2008-2017;Granollers;0,00 %;1,56 %;0,52 %;4,17 %;7,29 %;1,04 %;3,13 %;4,69 %;2,08 %;0,52 %;0,52 %;1,04 %;0,00 %;0,00 %;9,38 %;2,08 %;2,08 %;8,33 %;8,85 %;2,08 %;3,13 %;4,69 %;0,00 %;0,00 %;2,08 %;2,08 %;2,08 %;8,33 %;4,17 %;0,00 %;0,52 %;0,00 %;2,08 %;0,00 %;0,00 %;2,08 %;0,00 %;2,08 %;3,13 %;0,00 %;0,00 %;4,17 %;100 %;0 %;2 %;13 %;10 %;1 %;1 %;1 %;22 %;14 %;5 %;19 %;1 %;2 %;0 %;2 %;5 %;4 %
Pla Estratègic de Granollers 2030;2021;2018-2023;Granollers;0,00 %;0,00 %;3,33 %;0,00 %;25,00 %;0,00 %;0,00 %;3,33 %;0,00 %;0,00 %;0,00 %;10,00 %;0,00 %;0,00 %;6,67 %;0,00 %;0,00 %;0,00 %;1,67 %;0,00 %;0,00 %;6,67 %;0,00 %;0,00 %;6,67 %;0,00 %;10,00 %;0,00 %;0,00 %;0,00 %;6,67 %;0,00 %;6,67 %;0,00 %;0,00 %;6,67 %;0,00 %;0,00 %;0,00 %;6,67 %;0,00 %;0,00 %;100 %;0 %;3 %;25 %;3 %;0 %;0 %;10 %;7 %;2 %;7 %;17 %;7 %;7 %;0 %;7 %;7 %;0 %
L'H on, el futur per endavant;2013;2008-2017;L'Hospitalet de Llobregat;3,33 %;0,00 %;0,00 %;0,00 %;0,00 %;0,00 %;5,00 %;5,00 %;0,00 %;3,33 %;0,00 %;0,00 %;0,00 %;3,33 %;30,00 %;0,00 %;4,17 %;0,00 %;3,33 %;1,67 %;3,33 %;0,00 %;0,00 %;1,67 %;0,00 %;5,83 %;0,00 %;8,33 %;0,00 %;0,00 %;0,00 %;0,00 %;1,67 %;0,00 %;0,00 %;3,33 %;0,00 %;3,33 %;6,67 %;0,00 %;0,00 %;6,67 %;100 %;3 %;0 %;0 %;10 %;3 %;0 %;0 %;38 %;8 %;0 %;16 %;0 %;2 %;0 %;3 %;10 %;7 %
Planificació estratègica per a la Llagosta del futur;2009;2008-2017;La Llagosta;0,00 %;0,00 %;0,00 %;0,00 %;1,92 %;0,00 %;3,85 %;3,85 %;1,92 %;0,00 %;0,00 %;1,92 %;0,00 %;0,00 %;3,85 %;1,92 %;7,31 %;3,85 %;1,54 %;3,85 %;5,77 %;1,92 %;0,00 %;4,81 %;3,85 %;3,85 %;2,88 %;7,69 %;9,62 %;5,77 %;0,00 %;0,00 %;0,00 %;0,00 %;0,00 %;2,88 %;3,27 %;1,92 %;5,77 %;4,23 %;0,00 %;0,00 %;100 %;0 %;0 %;2 %;10 %;0 %;0 %;2 %;17 %;11 %;2 %;38 %;0 %;0 %;0 %;6 %;12 %;0 %
Pla Estratègic de Lliça d'Amunt;2008;2008-2017;Lliçà d'Amunt;0,00 %;0,00 %;0,00 %;0,00 %;0,00 %;0,00 %;8,33 %;8,33 %;0,00 %;0,00 %;0,00 %;0,00 %;0,00 %;4,17 %;0,00 %;4,17 %;4,17 %;0,00 %;0,00 %;0,00 %;0,00 %;0,00 %;0,00 %;20,83 %;0,00 %;0,00 %;16,67 %;0,00 %;0,00 %;0,00 %;0,00 %;0,00 %;0,00 %;0,00 %;0,00 %;0,00 %;0,00 %;0,00 %;16,67 %;0,00 %;0,00 %;16,67 %;100 %;0 %;0 %;0 %;17 %;0 %;0 %;0 %;13 %;0 %;0 %;38 %;0 %;0 %;0 %;0 %;17 %;17 %
Pla de desenvolupament local de Lluçà;1998;1998-2007;Lluçà;0,00 %;14,00 %;6,00 %;1,00 %;1,00 %;0,00 %;0,00 %;8,00 %;2,00 %;0,00 %;0,00 %;0,00 %;6,00 %;0,00 %;4,00 %;8,00 %;0,00 %;4,00 %;0,00 %;0,00 %;0,00 %;1,00 %;0,00 %;4,00 %;0,00 %;12,00 %;4,00 %;5,00 %;0,00 %;6,00 %;0,00 %;0,00 %;0,00 %;0,00 %;0,00 %;6,00 %;4,00 %;0,00 %;0,00 %;4,00 %;0,00 %;0,00 %;100 %;0 %;20 %;2 %;10 %;0 %;0 %;0 %;22 %;0 %;1 %;31 %;0 %;0 %;0 %;10 %;4 %;0 %
El passeig del Ter com a element estratègic territorial;2020;2018-2023;Manlleu;0,71 %;1,79 %;0,00 %;0,00 %;0,00 %;0,00 %;0,00 %;0,00 %;0,00 %;0,00 %;4,46 %;0,71 %;0,00 %;0,00 %;6,96 %;12,68 %;5,36 %;5,36 %;0,00 %;0,00 %;0,00 %;0,00 %;0,00 %;0,00 %;0,00 %;10,18 %;1,25 %;14,64 %;10,36 %;0,00 %;0,00 %;0,00 %;3,57 %;0,00 %;0,00 %;15,54 %;5,54 %;0,00 %;0,00 %;0,00 %;0,00 %;0,89 %;100 %;1 %;2 %;0 %;0 %;0 %;4 %;1 %;30 %;0 %;0 %;36 %;0 %;4 %;0 %;21 %;0 %;1 %
"Pacte de ciutat per a la promoció econòmica i la
cohesió social";2013;2008-2017;Manresa;1,61 %;0,81 %;0,81 %;0,00 %;0,00 %;0,00 %;3,55 %;4,35 %;5,97 %;1,61 %;0,00 %;0,00 %;7,10 %;4,84 %;2,74 %;3,23 %;3,23 %;0,81 %;4,03 %;4,84 %;1,61 %;8,06 %;0,00 %;0,40 %;1,61 %;1,94 %;4,84 %;4,84 %;0,81 %;4,03 %;0,00 %;0,00 %;0,00 %;0,00 %;0,00 %;0,00 %;0,32 %;1,61 %;5,48 %;9,68 %;0,00 %;5,24 %;100 %;2 %;2 %;0 %;14 %;2 %;0 %;0 %;22 %;10 %;8 %;18 %;0 %;0 %;0 %;0 %;17 %;5 %
"Pacte de ciutat per a la promoció econòmica i la
cohesió social";2015;2008-2017;Manresa;1,94 %;0,00 %;0,97 %;0,00 %;0,00 %;0,97 %;1,94 %;3,40 %;0,97 %;1,94 %;0,00 %;1,94 %;2,91 %;0,97 %;4,85 %;4,85 %;3,40 %;0,00 %;5,34 %;0,97 %;3,88 %;8,74 %;1,94 %;1,26 %;2,91 %;6,31 %;7,77 %;4,85 %;2,91 %;1,94 %;0,00 %;0,00 %;0,00 %;0,00 %;0,00 %;0,97 %;0,00 %;4,37 %;2,43 %;10,19 %;0,00 %;2,14 %;100 %;2 %;1 %;1 %;6 %;2 %;0 %;2 %;17 %;10 %;11 %;28 %;0 %;0 %;0 %;1 %;17 %;2 %
Pla Estratègic de Manresa;2005;1998-2007;Manresa;0,00 %;3,57 %;0,00 %;0,00 %;0,00 %;1,43 %;0,00 %;0,00 %;7,14 %;1,43 %;0,00 %;0,00 %;0,00 %;0,00 %;3,57 %;0,00 %;0,00 %;0,00 %;14,29 %;0,00 %;14,29 %;2,86 %;0,00 %;3,57 %;0,00 %;12,50 %;3,21 %;21,43 %;0,00 %;0,00 %;0,00 %;0,00 %;0,00 %;0,00 %;0,00 %;3,57 %;0,00 %;0,00 %;0,00 %;7,14 %;0,00 %;0,00 %;100 %;0 %;4 %;1 %;7 %;1 %;0 %;0 %;4 %;29 %;3 %;41 %;0 %;0 %;0 %;4 %;7 %;0 %
Pla Estratègic del Cardener 2030;2021;2018-2023;Manresa;0,00 %;0,00 %;0,00 %;0,00 %;0,00 %;0,00 %;0,00 %;0,00 %;0,00 %;0,00 %;5,77 %;0,00 %;0,00 %;0,00 %;0,00 %;0,00 %;0,00 %;0,00 %;0,00 %;0,00 %;1,92 %;0,00 %;0,00 %;4,81 %;0,00 %;8,65 %;0,00 %;19,23 %;23,08 %;1,92 %;0,00 %;0,00 %;0,00 %;0,00 %;0,00 %;22,12 %;11,54 %;0,00 %;0,00 %;0,96 %;0,00 %;0,00 %;100 %;0 %;0 %;0 %;0 %;0 %;6 %;0 %;0 %;2 %;0 %;58 %;0 %;0 %;0 %;34 %;1 %;0 %
Masquefa es mou!;2016;2008-2017;Masquefa;1,82 %;0,00 %;1,82 %;0,00 %;2,73 %;0,91 %;1,82 %;0,45 %;0,00 %;0,00 %;0,00 %;0,00 %;4,55 %;2,27 %;7,05 %;2,27 %;5,45 %;0,45 %;4,09 %;2,95 %;0,00 %;0,45 %;0,00 %;0,45 %;0,91 %;2,95 %;3,18 %;3,64 %;4,55 %;3,18 %;0,91 %;2,73 %;0,00 %;0,00 %;0,00 %;4,55 %;1,82 %;5,45 %;8,86 %;11,82 %;3,18 %;2,73 %;100 %;2 %;2 %;4 %;2 %;0 %;0 %;0 %;22 %;7 %;0 %;19 %;4 %;0 %;0 %;6 %;26 %;6 %
Pla estratègic Matadepera: fem futur;1999;1998-2007;Matadepera;0,00 %;0,00 %;0,00 %;2,70 %;2,70 %;3,65 %;3,38 %;1,35 %;1,35 %;0,00 %;1,35 %;1,35 %;1,35 %;2,70 %;3,72 %;0,68 %;2,43 %;2,70 %;0,00 %;5,41 %;4,05 %;0,00 %;0,00 %;0,00 %;0,00 %;4,73 %;2,43 %;5,14 %;12,43 %;2,70 %;1,35 %;0,68 %;4,73 %;0,00 %;0,00 %;4,66 %;0,68 %;2,03 %;11,49 %;4,05 %;0,00 %;2,03 %;100 %;0 %;0 %;9 %;6 %;0 %;1 %;1 %;14 %;9 %;0 %;27 %;2 %;5 %;0 %;5 %;18 %;2 %
Mar en valor;2018;2018-2023;Mataró;1,16 %;0,00 %;0,00 %;0,00 %;0,00 %;0,00 %;9,30 %;2,33 %;0,00 %;0,00 %;0,00 %;0,00 %;4,65 %;2,33 %;6,98 %;9,30 %;2,33 %;4,65 %;4,65 %;0,00 %;2,33 %;0,00 %;0,00 %;0,00 %;0,00 %;4,65 %;0,00 %;8,14 %;6,98 %;0,00 %;0,00 %;0,00 %;4,65 %;6,98 %;0,00 %;5,81 %;0,00 %;1,16 %;2,33 %;9,30 %;0,00 %;0,00 %;100 %;1 %;0 %;0 %;12 %;0 %;0 %;0 %;30 %;7 %;0 %;20 %;0 %;5 %;7 %;6 %;13 %;0 %
Pacte per al Desenvolupament Econòmic i Social de Mataró;2004;1998-2007;Mataró;0,00 %;0,00 %;0,00 %;0,00 %;0,61 %;0,00 %;3,66 %;6,10 %;3,66 %;1,22 %;0,00 %;0,00 %;0,00 %;0,00 %;3,05 %;1,83 %;11,59 %;0,61 %;12,20 %;0,00 %;7,32 %;0,61 %;0,00 %;1,83 %;0,00 %;2,44 %;6,71 %;10,98 %;9,76 %;0,00 %;0,00 %;0,00 %;0,00 %;0,00 %;0,00 %;3,66 %;2,44 %;0,00 %;6,10 %;3,66 %;0,00 %;0,00 %;100 %;0 %;0 %;1 %;13 %;1 %;0 %;0 %;17 %;20 %;1 %;32 %;0 %;0 %;0 %;6 %;10 %;0 %
Mataró 2022;2016;2018-2023;Mataró;2,56 %;0,00 %;0,00 %;1,28 %;1,28 %;0,00 %;5,13 %;7,69 %;3,85 %;0,00 %;0,64 %;1,28 %;3,85 %;2,56 %;3,85 %;5,77 %;2,56 %;0,00 %;15,38 %;0,00 %;0,00 %;0,00 %;0,00 %;2,56 %;0,00 %;3,21 %;2,56 %;6,41 %;0,00 %;5,13 %;0,64 %;0,00 %;0,00 %;0,00 %;0,00 %;2,56 %;2,56 %;0,00 %;2,56 %;10,26 %;0,00 %;3,85 %;100 %;3 %;0 %;3 %;17 %;0 %;1 %;1 %;19 %;15 %;0 %;20 %;1 %;0 %;0 %;5 %;13 %;4 %
Pla Estratègic de Molins de Rei;1996;1998-2007;Molins de Rei;0,00 %;0,00 %;0,00 %;0,00 %;1,39 %;1,39 %;2,78 %;4,86 %;0,00 %;0,00 %;0,00 %;1,39 %;0,69 %;0,00 %;11,11 %;4,17 %;6,25 %;2,22 %;0,00 %;4,17 %;2,78 %;4,17 %;0,00 %;5,56 %;3,47 %;0,00 %;4,17 %;4,86 %;5,56 %;2,78 %;2,78 %;0,00 %;5,56 %;0,00 %;1,39 %;2,36 %;6,53 %;0,00 %;2,78 %;3,47 %;1,39 %;0,00 %;100 %;0 %;0 %;3 %;8 %;0 %;0 %;1 %;24 %;7 %;4 %;26 %;3 %;6 %;0 %;10 %;6 %;1 %
Mollet 2025. Pla Estratègic de la ciutat de Mollet del Vallès;2008;2008-2017;Mollet del Vallès;0,00 %;3,15 %;1,63 %;1,63 %;0,54 %;0,43 %;0,43 %;2,28 %;0,00 %;0,00 %;0,00 %;1,52 %;0,54 %;1,96 %;12,83 %;0,00 %;9,89 %;0,87 %;5,76 %;0,00 %;3,26 %;0,00 %;0,00 %;4,13 %;5,05 %;3,59 %;2,72 %;6,03 %;5,27 %;0,00 %;0,27 %;0,27 %;1,20 %;0,00 %;0,00 %;5,05 %;0,00 %;2,17 %;8,91 %;2,17 %;1,09 %;5,33 %;100 %;0 %;5 %;3 %;3 %;0 %;0 %;2 %;26 %;9 %;0 %;27 %;1 %;1 %;0 %;5 %;13 %;6 %
Monistrol de Montserrat: estratègies 2008-2020;2008;2008-2017;Monistrol de Montserrat;0,00 %;0,00 %;6,25 %;0,00 %;0,00 %;0,00 %;0,00 %;0,00 %;0,00 %;0,00 %;0,00 %;0,00 %;2,50 %;1,25 %;1,25 %;11,25 %;8,13 %;0,00 %;0,00 %;1,56 %;6,25 %;0,00 %;0,00 %;8,75 %;0,00 %;17,50 %;3,13 %;12,50 %;1,25 %;1,25 %;0,00 %;0,00 %;0,00 %;0,00 %;0,00 %;6,25 %;0,00 %;0,00 %;6,25 %;4,69 %;0,00 %;0,00 %;100 %;0 %;6 %;0 %;0 %;0 %;0 %;0 %;24 %;8 %;0 %;44 %;0 %;0 %;0 %;6 %;11 %;0 %
Pla Estratègic de Montcada i Reixac. La ciutat de demà;2002;1998-2007;Montcada i Reixac;0,00 %;0,00 %;0,00 %;0,00 %;2,38 %;4,76 %;2,38 %;4,76 %;0,00 %;0,00 %;0,00 %;0,00 %;4,76 %;0,00 %;0,00 %;0,00 %;4,76 %;4,76 %;4,76 %;0,00 %;19,05 %;0,00 %;0,00 %;0,00 %;0,00 %;0,00 %;4,76 %;4,76 %;4,76 %;0,00 %;0,00 %;0,00 %;4,76 %;0,00 %;0,00 %;9,52 %;0,00 %;4,76 %;4,76 %;4,76 %;0,00 %;4,76 %;100 %;0 %;0 %;7 %;7 %;0 %;0 %;0 %;14 %;24 %;0 %;14 %;0 %;5 %;0 %;10 %;14 %;5 %
Pla Estratègic 2011 -2020 de Montcada i Reixa;2010;2008-2017;Montcada i Reixac;0,00 %;0,00 %;0,00 %;0,00 %;2,94 %;1,47 %;2,94 %;4,41 %;1,47 %;8,82 %;0,00 %;0,00 %;1,32 %;1,47 %;5,88 %;0,00 %;2,94 %;0,00 %;6,91 %;2,94 %;1,18 %;2,94 %;0,00 %;2,94 %;4,41 %;1,47 %;4,41 %;10,15 %;3,09 %;0,00 %;0,00 %;0,88 %;3,82 %;0,00 %;0,59 %;3,82 %;0,00 %;10,29 %;5,88 %;0,59 %;0,00 %;0,00 %;100 %;0 %;0 %;4 %;9 %;9 %;0 %;0 %;12 %;11 %;3 %;26 %;1 %;4 %;0 %;4 %;17 %;0 %
Pla Estratègic de Montclar 2020 -2030;2019;2018-2023;Montclar;0,00 %;6,25 %;3,13 %;0,78 %;1,56 %;4,69 %;0,00 %;0,00 %;0,00 %;0,00 %;0,00 %;3,13 %;1,25 %;0,00 %;5,47 %;10,63 %;2,81 %;0,00 %;1,88 %;6,25 %;0,00 %;0,00 %;0,00 %;0,00 %;0,00 %;3,13 %;4,69 %;14,69 %;3,13 %;7,81 %;0,00 %;0,00 %;0,00 %;0,00 %;0,00 %;2,19 %;1,56 %;3,44 %;3,13 %;0,00 %;0,00 %;8,44 %;100 %;0 %;9 %;7 %;0 %;0 %;0 %;3 %;20 %;8 %;0 %;33 %;0 %;0 %;0 %;4 %;7 %;8 %
Montgat t'atrau. Pla Estratègic del municipi de Montgat 2011;2006;1998-2007;Montgat;0,00 %;0,00 %;0,00 %;0,00 %;0,00 %;0,00 %;0,00 %;8,33 %;0,00 %;8,33 %;0,00 %;0,00 %;16,67 %;0,00 %;8,33 %;0,00 %;4,17 %;16,67 %;8,33 %;0,00 %;0,00 %;0,00 %;0,00 %;0,00 %;0,00 %;0,00 %;0,00 %;4,17 %;0,00 %;0,00 %;0,00 %;0,00 %;0,00 %;0,00 %;0,00 %;0,00 %;0,00 %;16,67 %;0,00 %;8,33 %;0,00 %;0,00 %;100 %;0 %;0 %;0 %;8 %;8 %;0 %;0 %;46 %;8 %;0 %;4 %;0 %;0 %;0 %;0 %;25 %;0 %
Pla Estratègic de Montmeló;2012;2008-2017;Montmeló;0,00 %;0,56 %;0,00 %;0,00 %;3,37 %;1,97 %;5,06 %;7,87 %;1,12 %;1,12 %;0,00 %;1,12 %;2,81 %;0,00 %;1,12 %;3,37 %;4,78 %;4,49 %;3,65 %;0,00 %;3,37 %;5,06 %;0,00 %;3,37 %;2,25 %;1,12 %;4,49 %;7,02 %;6,18 %;0,56 %;1,12 %;0,00 %;0,00 %;0,00 %;0,00 %;2,25 %;2,25 %;4,49 %;5,62 %;7,87 %;0,00 %;0,56 %;100 %;0 %;1 %;5 %;14 %;1 %;0 %;1 %;17 %;7 %;5 %;25 %;1 %;0 %;0 %;4 %;18 %;1 %
Pla estratègic Montornès del Vallès. Escenari de futur i línies estratègiques;2010;2008-2017;Montornès del Vallès;0,00 %;0,00 %;0,00 %;0,00 %;0,00 %;0,00 %;0,00 %;0,00 %;0,00 %;0,00 %;0,00 %;0,00 %;4,17 %;4,17 %;9,79 %;3,54 %;9,79 %;3,54 %;5,42 %;0,00 %;0,00 %;0,00 %;0,00 %;4,17 %;0,00 %;4,17 %;0,00 %;10,83 %;8,75 %;0,00 %;0,00 %;4,58 %;0,00 %;0,00 %;0,00 %;1,46 %;5,63 %;4,17 %;4,17 %;10,42 %;0,00 %;1,25 %;100 %;0 %;0 %;0 %;0 %;0 %;0 %;0 %;35 %;5 %;0 %;28 %;5 %;0 %;0 %;7 %;19 %;1 %
Pla estratègic d'Òdena;2001;1998-2007;Òdena;0,00 %;1,32 %;0,00 %;0,00 %;0,00 %;0,00 %;0,00 %;5,26 %;0,00 %;0,00 %;0,00 %;0,00 %;5,26 %;0,00 %;0,00 %;9,21 %;0,00 %;0,00 %;0,00 %;0,00 %;5,26 %;0,00 %;0,00 %;5,26 %;0,00 %;2,63 %;0,00 %;0,00 %;0,00 %;0,00 %;0,00 %;0,00 %;0,00 %;0,00 %;0,00 %;2,63 %;0,00 %;0,00 %;0,00 %;57,89 %;0,00 %;5,26 %;100 %;0 %;1 %;0 %;5 %;0 %;0 %;0 %;14 %;5 %;0 %;8 %;0 %;0 %;0 %;3 %;58 %;5 %
Pla estratègic d'Òdena II;2010;2008-2017;Òdena;0,00 %;0,00 %;6,25 %;0,00 %;3,75 %;0,00 %;6,25 %;9,38 %;0,00 %;0,00 %;0,00 %;0,00 %;18,13 %;1,56 %;0,00 %;3,13 %;3,13 %;0,00 %;3,13 %;0,00 %;2,50 %;0,00 %;0,00 %;6,25 %;6,25 %;0,00 %;0,00 %;2,50 %;0,00 %;4,69 %;0,00 %;0,00 %;6,25 %;0,00 %;0,00 %;0,00 %;0,00 %;0,00 %;0,00 %;16,88 %;0,00 %;0,00 %;100 %;0 %;6 %;4 %;16 %;0 %;0 %;0 %;26 %;6 %;0 %;20 %;0 %;6 %;0 %;0 %;17 %;0 %
Pla estratègic. Olesa de Montserrat, una ciutat amb futur;2001;1998-2007;Olesa de Montserrat;0,00 %;1,41 %;0,00 %;3,52 %;1,27 %;0,00 %;5,63 %;8,45 %;0,70 %;1,41 %;0,35 %;0,00 %;1,41 %;2,82 %;7,75 %;0,70 %;2,82 %;5,35 %;5,63 %;1,41 %;6,34 %;1,41 %;0,00 %;6,69 %;5,63 %;1,41 %;1,41 %;2,39 %;3,87 %;2,11 %;0,35 %;0,00 %;1,41 %;0,00 %;0,00 %;4,23 %;0,00 %;0,00 %;3,52 %;2,82 %;1,41 %;4,37 %;100 %;0 %;1 %;5 %;15 %;1 %;0 %;0 %;21 %;13 %;1 %;24 %;0 %;1 %;0 %;4 %;6 %;6 %
Parets, com tu el vols 2010 - 2025. Pla estratègic de Parets del Vallès;2010;2008-2017;Parets del Vallès;0,00 %;0,00 %;0,00 %;0,00 %;0,00 %;0,00 %;0,00 %;0,00 %;0,56 %;0,00 %;0,00 %;2,78 %;2,78 %;2,78 %;9,72 %;0,00 %;8,33 %;2,78 %;7,78 %;6,94 %;0,00 %;1,39 %;0,00 %;5,56 %;0,00 %;1,39 %;1,39 %;8,33 %;6,94 %;0,00 %;0,00 %;2,78 %;0,00 %;0,00 %;0,00 %;6,94 %;0,00 %;5,56 %;4,17 %;11,11 %;0,00 %;0,00 %;100 %;0 %;0 %;0 %;1 %;0 %;0 %;3 %;26 %;15 %;1 %;24 %;3 %;0 %;0 %;7 %;21 %;0 %
El Pla del Penedès. Pla d'acció municipal;2013;2008-2017;El Pla del Penedès;0,00 %;0,00 %;3,95 %;0,00 %;0,00 %;6,58 %;0,00 %;0,00 %;0,00 %;0,00 %;0,00 %;0,00 %;0,00 %;0,00 %;9,21 %;3,29 %;2,63 %;1,97 %;0,00 %;6,58 %;0,00 %;0,00 %;0,00 %;0,00 %;0,00 %;9,21 %;0,00 %;12,50 %;3,29 %;5,26 %;2,63 %;2,63 %;0,00 %;0,00 %;0,00 %;7,89 %;3,29 %;2,63 %;4,61 %;6,58 %;0,00 %;5,26 %;100 %;0 %;4 %;7 %;0 %;0 %;0 %;0 %;17 %;7 %;0 %;30 %;5 %;0 %;0 %;11 %;14 %;5 %
Pla estratègic de la Pobla de Lillet;1999;1998-2007;La Pobla de Lillet;0,00 %;0,00 %;1,14 %;0,00 %;0,00 %;0,00 %;0,00 %;1,82 %;0,00 %;0,00 %;0,00 %;0,00 %;4,55 %;1,14 %;3,41 %;19,55 %;4,77 %;0,00 %;4,55 %;0,00 %;1,14 %;0,00 %;0,00 %;0,00 %;2,27 %;6,82 %;14,77 %;11,36 %;0,00 %;4,55 %;0,00 %;0,00 %;0,00 %;0,00 %;4,55 %;2,27 %;0,00 %;4,55 %;0,00 %;0,00 %;0,00 %;6,82 %;100 %;0 %;1 %;0 %;2 %;0 %;0 %;0 %;33 %;6 %;0 %;40 %;0 %;0 %;0 %;7 %;5 %;7 %
Pla de desenvolupament estratègic de  Polinyà;2006;1998-2007;Polinyà;0,00 %;0,00 %;0,00 %;0,00 %;0,00 %;0,00 %;0,00 %;10,00 %;0,00 %;0,00 %;0,00 %;0,00 %;0,00 %;10,00 %;0,00 %;0,00 %;0,00 %;0,00 %;10,00 %;0,00 %;0,00 %;0,00 %;0,00 %;20,00 %;0,00 %;0,00 %;0,00 %;0,00 %;0,00 %;0,00 %;0,00 %;0,00 %;0,00 %;0,00 %;0,00 %;0,00 %;0,00 %;10,00 %;20,00 %;0,00 %;0,00 %;20,00 %;100 %;0 %;0 %;0 %;10 %;0 %;0 %;0 %;10 %;10 %;0 %;20 %;0 %;0 %;0 %;0 %;30 %;20 %
Pla d'acció de desenvolupament econòmic local de Roda de Ter i àrea de relació territorial;2021;2018-2023;Roda de Ter;0,00 %;0,00 %;0,00 %;0,00 %;0,00 %;0,00 %;0,00 %;0,00 %;0,00 %;0,00 %;0,00 %;0,00 %;0,00 %;0,00 %;23,08 %;0,00 %;0,00 %;0,00 %;0,00 %;0,00 %;0,00 %;0,00 %;0,00 %;0,00 %;0,00 %;0,00 %;0,00 %;0,00 %;0,00 %;0,00 %;0,00 %;0,00 %;0,00 %;0,00 %;0,00 %;0,00 %;0,00 %;7,69 %;3,85 %;34,62 %;7,69 %;23,08 %;100 %;0 %;0 %;0 %;0 %;0 %;0 %;0 %;23 %;0 %;0 %;0 %;0 %;0 %;0 %;0 %;46 %;31 %
Pla estratègic Sabadell 2010;2002;1998-2007;Sabadell;0,87 %;0,00 %;0,00 %;1,09 %;2,61 %;0,87 %;0,00 %;2,17 %;2,17 %;0,00 %;0,00 %;0,00 %;2,17 %;0,00 %;8,70 %;6,52 %;4,35 %;0,00 %;10,87 %;1,52 %;9,24 %;0,00 %;0,00 %;4,78 %;2,72 %;2,17 %;2,17 %;10,00 %;6,41 %;0,87 %;0,00 %;3,04 %;0,00 %;0,00 %;0,00 %;5,87 %;0,00 %;2,83 %;0,00 %;4,78 %;0,00 %;1,20 %;100 %;1 %;0 %;5 %;4 %;0 %;0 %;0 %;22 %;22 %;0 %;29 %;3 %;0 %;0 %;6 %;8 %;1 %
Pla Estratègic de Sant Andreu de Llavaneres;2000;1998-2007;Sant Andreu de Llavaneres;0,00 %;0,00 %;0,00 %;0,00 %;0,00 %;0,00 %;0,00 %;9,09 %;0,00 %;0,00 %;0,00 %;0,00 %;9,09 %;9,09 %;18,18 %;0,00 %;9,09 %;0,00 %;0,00 %;0,00 %;0,00 %;0,00 %;0,00 %;9,09 %;9,09 %;0,00 %;9,09 %;9,09 %;0,00 %;0,00 %;0,00 %;0,00 %;9,09 %;0,00 %;0,00 %;0,00 %;0,00 %;0,00 %;0,00 %;0,00 %;0,00 %;0,00 %;100 %;0 %;0 %;0 %;9 %;0 %;0 %;0 %;45 %;0 %;0 %;36 %;0 %;9 %;0 %;0 %;0 %;0 %
Sant Celoni, Ciutat de talent. Orientacions estratègiques per al desenvolupament de Sant Celoni en el marc de la redacció del POUM;2018;2018-2023;Sant Celoni;0,00 %;0,00 %;0,00 %;0,00 %;0,00 %;2,86 %;0,00 %;3,57 %;3,57 %;0,00 %;0,00 %;0,00 %;0,00 %;0,00 %;0,00 %;10,71 %;0,00 %;0,00 %;0,00 %;0,00 %;7,14 %;0,00 %;0,00 %;7,14 %;0,00 %;1,79 %;0,00 %;10,36 %;3,57 %;2,86 %;0,00 %;7,14 %;0,00 %;0,00 %;0,00 %;10,71 %;7,14 %;7,14 %;0,00 %;7,14 %;0,00 %;7,14 %;100 %;0 %;0 %;3 %;7 %;0 %;0 %;0 %;11 %;7 %;0 %;26 %;7 %;0 %;0 %;18 %;14 %;7 %
Pla estratègic Econòmic i d’Ocupació de Sant Cugat del Vallès;2005;1998-2007;Sant Cugat del Vallès;0,00 %;0,00 %;0,00 %;0,00 %;0,00 %;0,00 %;0,00 %;13,33 %;3,33 %;0,00 %;0,00 %;0,00 %;3,33 %;10,00 %;0,00 %;0,00 %;10,00 %;0,00 %;10,00 %;1,67 %;0,00 %;6,67 %;0,00 %;0,00 %;3,33 %;0,00 %;0,00 %;3,33 %;13,33 %;0,00 %;0,00 %;0,00 %;0,00 %;0,00 %;0,00 %;0,00 %;0,00 %;0,00 %;0,00 %;10,00 %;3,33 %;8,33 %;100 %;0 %;0 %;0 %;17 %;0 %;0 %;0 %;23 %;12 %;7 %;20 %;0 %;0 %;0 %;0 %;10 %;12 %
Sant Feliu de Codines: escenari 2016;2009;2008-2017;Sant Feliu de Codines;0,00 %;0,00 %;0,00 %;0,00 %;0,00 %;0,00 %;0,00 %;14,29 %;0,00 %;0,00 %;0,00 %;0,00 %;0,00 %;0,00 %;7,14 %;3,57 %;3,57 %;0,00 %;7,14 %;0,00 %;0,00 %;0,00 %;0,00 %;25,00 %;0,00 %;0,00 %;0,00 %;7,14 %;14,29 %;0,00 %;0,00 %;0,00 %;0,00 %;0,00 %;0,00 %;0,00 %;3,57 %;0,00 %;0,00 %;14,29 %;0,00 %;0,00 %;100 %;0 %;0 %;0 %;14 %;0 %;0 %;0 %;14 %;7 %;0 %;46 %;0 %;0 %;0 %;4 %;14 %;0 %
Pla Estratègic Sant Fruitós de Bages 2010;2001;1998-2007;Sant Fruitós de Bages;0,00 %;1,65 %;1,10 %;1,10 %;1,10 %;2,20 %;1,10 %;1,65 %;0,00 %;0,00 %;0,27 %;0,27 %;2,20 %;0,55 %;7,14 %;8,79 %;2,75 %;2,20 %;0,55 %;1,37 %;1,65 %;0,00 %;0,00 %;3,57 %;1,10 %;4,12 %;3,30 %;5,49 %;5,49 %;3,30 %;1,92 %;3,30 %;3,85 %;0,00 %;0,00 %;1,10 %;1,10 %;4,95 %;14,56 %;5,22 %;0,00 %;0,00 %;100 %;0 %;3 %;4 %;3 %;0 %;0 %;0 %;24 %;4 %;0 %;26 %;5 %;4 %;0 %;2 %;25 %;0 %
Sant Iscle 2020, territori serè i amb iniciativa del Maresme;2008;2008-2017;Sant Iscle de Vallalta;5,00 %;0,00 %;2,50 %;0,00 %;2,50 %;5,00 %;0,00 %;2,50 %;0,00 %;0,00 %;0,00 %;5,00 %;2,50 %;0,00 %;6,25 %;2,50 %;5,00 %;5,00 %;0,50 %;4,50 %;0,00 %;0,00 %;0,00 %;7,50 %;3,75 %;2,50 %;0,00 %;0,00 %;5,00 %;5,00 %;0,00 %;0,00 %;0,00 %;0,00 %;0,00 %;0,00 %;5,00 %;5,00 %;2,50 %;5,00 %;0,00 %;10,00 %;100 %;5 %;3 %;8 %;3 %;0 %;0 %;5 %;21 %;5 %;0 %;24 %;0 %;0 %;0 %;5 %;13 %;10 %
Pla estratègic de Sant Just Desvern;1999;1998-2007;Sant Just Desvern;0,75 %;0,00 %;0,00 %;0,00 %;4,48 %;1,49 %;0,00 %;0,75 %;0,00 %;2,24 %;0,75 %;3,73 %;1,49 %;3,73 %;3,73 %;1,49 %;5,97 %;1,49 %;5,97 %;2,24 %;0,00 %;2,24 %;0,00 %;1,49 %;1,49 %;2,99 %;0,75 %;14,18 %;8,96 %;2,24 %;2,24 %;0,00 %;3,73 %;0,00 %;0,00 %;2,99 %;1,49 %;4,48 %;4,48 %;3,73 %;2,24 %;0,00 %;100 %;1 %;0 %;6 %;1 %;2 %;1 %;4 %;18 %;8 %;2 %;32 %;2 %;4 %;0 %;4 %;13 %;2 %
Pla estratègic de Sant Mateu de Bages;2018;2018-2023;Sant Mateu de Bages;2,40 %;7,91 %;2,67 %;1,20 %;4,45 %;2,12 %;3,42 %;1,03 %;0,00 %;0,68 %;2,91 %;3,42 %;1,71 %;1,03 %;6,47 %;8,22 %;1,99 %;0,00 %;2,57 %;2,67 %;0,14 %;0,41 %;0,00 %;1,99 %;1,37 %;4,01 %;4,79 %;0,68 %;1,37 %;0,89 %;2,40 %;2,33 %;2,47 %;0,00 %;4,18 %;3,46 %;1,03 %;2,60 %;0,68 %;3,77 %;0,86 %;3,70 %;100 %;2 %;11 %;8 %;4 %;1 %;3 %;3 %;19 %;5 %;0 %;15 %;5 %;2 %;0 %;9 %;7 %;5 %
Pla estratègic de Sant Pere de Ribes;1999;1998-2007;Sant Pere de Ribes;0,00 %;1,37 %;0,00 %;5,48 %;2,74 %;0,00 %;2,74 %;4,79 %;0,68 %;0,00 %;0,00 %;0,00 %;0,00 %;0,00 %;10,27 %;0,00 %;0,00 %;2,05 %;0,00 %;2,74 %;1,37 %;0,00 %;0,00 %;5,48 %;0,00 %;8,22 %;0,00 %;4,11 %;0,00 %;0,00 %;0,00 %;0,00 %;9,59 %;0,00 %;0,00 %;13,70 %;4,11 %;4,11 %;9,59 %;6,16 %;0,68 %;0,00 %;100 %;0 %;1 %;8 %;8 %;0 %;0 %;0 %;12 %;4 %;0 %;18 %;0 %;10 %;0 %;18 %;20 %;1 %
Pla estratègic de Sant Pol de Mar;2005;1998-2007;Sant Pol de Mar;0,00 %;4,38 %;0,63 %;3,50 %;2,25 %;2,50 %;6,25 %;4,38 %;0,00 %;1,25 %;0,00 %;0,00 %;0,00 %;0,00 %;5,00 %;6,88 %;0,63 %;8,75 %;0,00 %;0,00 %;2,50 %;0,00 %;1,25 %;8,75 %;3,75 %;0,00 %;7,50 %;1,25 %;3,75 %;0,00 %;2,50 %;0,00 %;2,50 %;0,00 %;2,50 %;6,25 %;2,50 %;2,50 %;0,00 %;0,63 %;3,13 %;2,38 %;100 %;0 %;5 %;8 %;11 %;1 %;0 %;0 %;21 %;3 %;1 %;25 %;3 %;3 %;0 %;11 %;3 %;6 %
Pla de desenvolupament estratègic de Sant Quirze de Safaja;2010;2008-2017;Sant Quirze Safaja;0,00 %;0,00 %;0,00 %;10,00 %;10,00 %;10,00 %;0,00 %;0,00 %;0,00 %;0,00 %;0,00 %;0,00 %;10,00 %;0,00 %;8,00 %;20,00 %;0,00 %;8,00 %;0,00 %;10,00 %;0,00 %;0,00 %;0,00 %;0,00 %;0,00 %;0,00 %;0,00 %;0,00 %;0,00 %;0,00 %;0,00 %;0,00 %;0,00 %;0,00 %;0,00 %;14,00 %;0,00 %;0,00 %;0,00 %;0,00 %;0,00 %;0,00 %;100 %;0 %;0 %;30 %;0 %;0 %;0 %;0 %;46 %;10 %;0 %;0 %;0 %;0 %;0 %;14 %;0 %;0 %
Pla estratègic de Sant Vicenç de Montalt;1998;1998-2007;Sant Vicenç de Montalt;0,00 %;0,00 %;0,00 %;0,00 %;3,45 %;3,45 %;10,34 %;0,00 %;0,00 %;0,00 %;3,45 %;0,00 %;0,00 %;0,00 %;6,03 %;6,90 %;3,45 %;1,72 %;3,45 %;0,00 %;5,17 %;0,00 %;0,00 %;10,34 %;0,00 %;6,90 %;0,00 %;4,31 %;1,72 %;3,45 %;0,00 %;0,00 %;0,00 %;0,00 %;3,45 %;5,17 %;0,00 %;0,00 %;3,45 %;10,34 %;0,00 %;3,45 %;100 %;0 %;0 %;7 %;10 %;0 %;3 %;0 %;18 %;9 %;0 %;27 %;0 %;0 %;0 %;9 %;14 %;3 %
Eixos estratègics de desenvolupament;1999;1998-2007;Santa Coloma de Gramenet;0,00 %;0,00 %;0,00 %;0,00 %;0,00 %;0,00 %;2,86 %;0,00 %;0,00 %;0,00 %;0,00 %;0,00 %;0,00 %;0,00 %;2,86 %;0,00 %;0,00 %;0,00 %;14,29 %;14,29 %;0,00 %;2,86 %;0,00 %;9,29 %;0,00 %;0,00 %;2,86 %;15,00 %;5,71 %;0,00 %;0,00 %;0,00 %;0,00 %;0,00 %;0,00 %;2,86 %;0,00 %;2,86 %;2,86 %;14,29 %;0,00 %;7,14 %;100 %;0 %;0 %;0 %;3 %;0 %;0 %;0 %;3 %;29 %;3 %;33 %;0 %;0 %;0 %;3 %;20 %;7 %
Estratègia de desenvolupament urbà sostenible i integrat;2015;2008-2017;Santa Coloma de Gramenet;0,00 %;0,00 %;0,00 %;0,00 %;0,00 %;0,00 %;0,00 %;0,00 %;0,00 %;0,00 %;0,00 %;20,83 %;0,00 %;8,33 %;8,33 %;0,00 %;8,33 %;0,00 %;0,00 %;0,00 %;0,00 %;8,33 %;0,00 %;0,00 %;0,00 %;0,00 %;4,17 %;6,25 %;2,08 %;0,00 %;0,00 %;0,00 %;8,33 %;0,00 %;0,00 %;8,33 %;0,00 %;0,00 %;0,00 %;12,50 %;4,17 %;0,00 %;100 %;0 %;0 %;0 %;0 %;0 %;0 %;21 %;25 %;0 %;8 %;13 %;0 %;8 %;0 %;8 %;13 %;4 %
Pla de desenvolupament econòmic de Santa Eulàlia de Riuprimer;2001;1998-2007;Santa Eulàlia de Riuprimer;0,00 %;0,00 %;5,00 %;0,00 %;0,00 %;0,00 %;0,00 %;0,00 %;0,00 %;0,00 %;0,00 %;0,00 %;7,50 %;0,00 %;10,00 %;5,00 %;5,00 %;5,00 %;12,50 %;0,00 %;0,00 %;0,00 %;0,00 %;0,00 %;5,00 %;2,50 %;4,00 %;7,50 %;0,00 %;0,00 %;0,00 %;0,00 %;0,00 %;0,00 %;0,00 %;12,50 %;2,50 %;5,00 %;6,00 %;5,00 %;0,00 %;0,00 %;100 %;0 %;5 %;0 %;0 %;0 %;0 %;0 %;33 %;13 %;0 %;19 %;0 %;0 %;0 %;15 %;16 %;0 %
Pla estratègic de Santa Margarida de Montbui;2005;2008-2017;Santa Margarida de Montbui;0,00 %;3,33 %;0,00 %;0,00 %;0,00 %;0,00 %;0,00 %;0,00 %;0,00 %;0,00 %;0,00 %;0,00 %;0,00 %;0,00 %;0,00 %;11,33 %;6,67 %;5,33 %;6,67 %;0,00 %;0,00 %;0,00 %;0,00 %;3,33 %;6,67 %;2,00 %;3,33 %;26,67 %;0,00 %;0,00 %;0,00 %;0,00 %;0,00 %;0,00 %;0,00 %;14,67 %;3,33 %;0,00 %;6,67 %;0,00 %;0,00 %;0,00 %;100 %;0 %;3 %;0 %;0 %;0 %;0 %;0 %;23 %;7 %;0 %;42 %;0 %;0 %;0 %;18 %;7 %;0 %
Palautordera és futur 2014 - 2024;2013;2008-2017;Santa Maria de Palautordera;3,70 %;0,00 %;0,00 %;0,00 %;0,00 %;0,00 %;0,00 %;5,56 %;1,85 %;0,00 %;0,00 %;0,00 %;5,56 %;3,70 %;7,41 %;3,70 %;3,70 %;1,85 %;9,26 %;14,81 %;0,00 %;3,70 %;0,00 %;0,00 %;1,85 %;1,85 %;0,00 %;0,00 %;0,00 %;0,00 %;0,00 %;0,00 %;0,00 %;0,00 %;0,00 %;0,00 %;0,00 %;0,00 %;7,41 %;14,81 %;1,85 %;7,41 %;100 %;4 %;0 %;0 %;7 %;0 %;0 %;0 %;26 %;24 %;4 %;4 %;0 %;0 %;0 %;0 %;22 %;9 %
Pla estratègic de Santa Perpètua de la Mogoda 2025;2009;2008-2017;Santa Perpètua de Mogoda;0,00 %;0,00 %;0,00 %;0,00 %;0,00 %;0,00 %;0,00 %;0,00 %;0,00 %;0,00 %;0,00 %;0,00 %;0,00 %;0,00 %;0,00 %;0,00 %;4,00 %;0,00 %;14,00 %;0,00 %;0,00 %;0,00 %;0,00 %;6,00 %;0,00 %;0,00 %;0,00 %;0,00 %;0,00 %;0,00 %;0,00 %;0,00 %;0,00 %;0,00 %;0,00 %;8,00 %;8,00 %;0,00 %;20,00 %;20,00 %;0,00 %;20,00 %;100 %;0 %;0 %;0 %;0 %;0 %;0 %;0 %;4 %;14 %;0 %;6 %;0 %;0 %;0 %;16 %;40 %;20 %
Projecte per al desenvolupament de l’economia blava de Sitges;2021;2018-2023;Sitges;0,00 %;2,78 %;2,78 %;0,00 %;0,00 %;0,00 %;5,56 %;0,00 %;5,56 %;0,00 %;0,00 %;0,00 %;0,00 %;0,00 %;8,89 %;5,56 %;5,56 %;25,00 %;11,11 %;0,00 %;0,00 %;0,00 %;0,00 %;0,00 %;0,00 %;2,22 %;0,00 %;0,00 %;0,00 %;0,00 %;0,00 %;0,00 %;8,33 %;2,78 %;0,00 %;0,00 %;0,00 %;0,00 %;2,78 %;0,00 %;0,00 %;11,11 %;100 %;0 %;6 %;0 %;11 %;0 %;0 %;0 %;45 %;11 %;0 %;2 %;0 %;8 %;3 %;0 %;3 %;11 %
SuriaAcció. Pla de desenvolupament local;2013;2008-2017;Súria;6,58 %;1,32 %;2,63 %;0,00 %;1,32 %;0,00 %;0,00 %;8,55 %;0,00 %;0,00 %;0,00 %;1,32 %;3,95 %;1,32 %;7,89 %;7,57 %;5,59 %;1,32 %;8,55 %;0,00 %;0,66 %;3,29 %;0,00 %;1,32 %;3,29 %;3,95 %;1,32 %;3,95 %;6,58 %;1,32 %;0,00 %;0,00 %;0,00 %;0,00 %;0,00 %;1,32 %;0,00 %;3,29 %;3,29 %;6,58 %;0,00 %;1,97 %;100 %;7 %;4 %;1 %;9 %;0 %;0 %;1 %;28 %;9 %;3 %;22 %;0 %;0 %;0 %;1 %;13 %;2 %
Pla estratègic de Vallromanes 2033;2021;2018-2023;Vallromanes;0,00 %;2,63 %;0,00 %;3,95 %;0,00 %;1,32 %;1,32 %;0,00 %;0,00 %;0,00 %;2,63 %;2,63 %;0,00 %;0,00 %;7,89 %;0,00 %;1,32 %;6,58 %;0,00 %;2,63 %;0,00 %;0,00 %;0,00 %;7,89 %;0,00 %;0,00 %;2,63 %;14,47 %;7,89 %;0,00 %;0,00 %;0,00 %;0,00 %;0,00 %;5,26 %;7,89 %;2,63 %;6,58 %;6,58 %;2,63 %;0,00 %;2,63 %;100 %;0 %;3 %;5 %;1 %;0 %;3 %;3 %;16 %;3 %;0 %;33 %;0 %;0 %;0 %;16 %;16 %;3 %
II pla estratègic de Viladecans;2003;1998-2007;Viladecans;0,40 %;2,58 %;1,61 %;0,32 %;0,00 %;0,00 %;1,21 %;4,03 %;0,32 %;1,61 %;0,73 %;2,34 %;0,00 %;1,61 %;1,29 %;0,00 %;4,19 %;0,00 %;3,79 %;10,32 %;1,61 %;1,61 %;0,00 %;1,94 %;5,48 %;3,71 %;1,94 %;9,35 %;6,61 %;0,00 %;1,94 %;0,00 %;5,56 %;0,00 %;0,00 %;2,50 %;0,65 %;3,23 %;4,11 %;4,84 %;4,19 %;4,35 %;100 %;0 %;4 %;0 %;6 %;2 %;1 %;2 %;7 %;16 %;2 %;29 %;2 %;6 %;0 %;3 %;12 %;9 %
Marc estratègic de la ciutat 2030;2021;2018-2023;Viladecans;0,00 %;0,00 %;0,00 %;0,00 %;0,00 %;0,00 %;14,00 %;0,00 %;0,00 %;0,00 %;0,00 %;0,00 %;0,00 %;0,00 %;0,00 %;0,00 %;0,00 %;0,00 %;0,00 %;0,00 %;0,00 %;0,00 %;0,00 %;8,00 %;0,00 %;0,00 %;20,00 %;10,00 %;8,00 %;0,00 %;0,00 %;0,00 %;20,00 %;0,00 %;0,00 %;0,00 %;0,00 %;0,00 %;0,00 %;8,00 %;8,00 %;4,00 %;100 %;0 %;0 %;0 %;14 %;0 %;0 %;0 %;0 %;0 %;0 %;46 %;0 %;20 %;0 %;0 %;8 %;12 %
Pla estratègic de Viladecavalls;1999;1998-2007;Viladecavalls;0,00 %;0,00 %;0,00 %;0,00 %;0,00 %;0,00 %;0,00 %;0,00 %;0,00 %;0,00 %;0,00 %;0,00 %;0,00 %;0,00 %;11,11 %;0,00 %;3,33 %;0,00 %;0,00 %;0,00 %;0,00 %;0,00 %;0,00 %;27,78 %;10,00 %;0,00 %;0,00 %;2,22 %;0,00 %;0,00 %;0,00 %;0,00 %;6,67 %;0,00 %;0,00 %;0,00 %;5,56 %;0,00 %;22,22 %;0,00 %;11,11 %;0,00 %;100 %;0 %;0 %;0 %;0 %;0 %;0 %;0 %;14 %;0 %;0 %;40 %;0 %;7 %;0 %;6 %;22 %;11 %
Pla estratègic de Vilanova i la Geltrú;2001;1998-2007;Vilanova i la Geltrú;0,00 %;0,00 %;0,00 %;0,00 %;0,00 %;0,00 %;1,88 %;5,00 %;5,63 %;0,00 %;0,00 %;0,00 %;0,00 %;0,00 %;6,25 %;3,13 %;6,25 %;6,25 %;6,25 %;0,00 %;0,00 %;0,00 %;0,00 %;6,25 %;0,00 %;0,00 %;3,13 %;9,38 %;6,25 %;0,00 %;0,00 %;0,00 %;0,00 %;0,00 %;0,00 %;0,00 %;0,00 %;0,00 %;15,63 %;12,50 %;0,00 %;6,25 %;100 %;0 %;0 %;0 %;13 %;0 %;0 %;0 %;22 %;6 %;0 %;25 %;0 %;0 %;0 %;0 %;28 %;6 %
Pla estratègic d'activitat econòmica de Vilanova i la Geltrú 2016 - 2025;2015;2008-2017;Vilanova i la Geltrú;2,50 %;1,25 %;0,00 %;2,50 %;1,25 %;0,00 %;0,00 %;0,00 %;0,00 %;0,00 %;2,75 %;2,75 %;0,00 %;0,00 %;2,50 %;0,00 %;0,00 %;0,00 %;0,25 %;2,75 %;5,25 %;0,00 %;0,00 %;3,75 %;2,50 %;3,75 %;0,00 %;2,50 %;5,00 %;0,00 %;0,00 %;1,25 %;0,00 %;3,75 %;0,00 %;2,50 %;0,00 %;2,50 %;17,50 %;8,13 %;10,63 %;12,50 %;100 %;3 %;1 %;4 %;0 %;0 %;3 %;3 %;3 %;8 %;0 %;18 %;1 %;0 %;4 %;3 %;28 %;23 %